
elastix is started at Wed Aug 25 09:46:07 2021.

which elastix:   /home/ybr19/Software/Elastix/elastix-4.9.0-linux/bin/elastix
elastix runs at: gpubeastie05
  Linux 5.4.0-80-generic (x64), #90~18.04.1-Ubuntu SMP Tue Jul 13 19:40:02 UTC 2021
  with 257598 MB memory, and 20 cores @ 1000 MHz.
-------------------------------------------------------------------------

Running elastix with parameter file 0: "/home/ybr19/Software/Registration/elastixReg/TransformationParameters/parameters_single_bspline.txt".

Current time: Wed Aug 25 09:46:07 2021.
Reading the elastix parameters from file ...

Installing all components.
InstallingComponents was successful.

ELASTIX version: 4.900
Command line options from ElastixBase:
-f        /home/ybr19/Software/Registration/elastixReg/TemporaryResults/Input/imageFixed.nii
-m        /home/ybr19/Software/Registration/elastixReg/TemporaryResults/Input/imageMoving.nii
-fMask    unspecified, so no fixed mask used
-mMask    unspecified, so no moving mask used
-out      /home/ybr19/Software/Registration/elastixReg/TemporaryResults/OutputBSpline/
-p        /home/ybr19/Software/Registration/elastixReg/TransformationParameters/parameters_single_bspline.txt
-threads  unspecified, so all available threads are used
Command line options from TransformBase:
-t0       /home/ybr19/Software/Registration/elastixReg/TemporaryResults/OutputAffine/TransformParameters.0.txt

=============== start of ParameterFile: /home/ybr19/Software/Registration/elastixReg/TransformationParameters/parameters_single_bspline.txt ===============
(FixedInternalImagePixelType "float")  
(MovingInternalImagePixelType "float")  
(UseDirectionCosines "true")  
(Registration "MultiResolutionRegistration")  
(Interpolator "BSplineInterpolator")  
(ResampleInterpolator "FinalBSplineInterpolator")  
(Resampler "DefaultResampler")  
(FixedImagePyramid "FixedRecursiveImagePyramid")  
(MovingImagePyramid "MovingRecursiveImagePyramid") 
(Optimizer "AdaptiveStochasticGradientDescent")  
(Transform "BSplineTransform")  
(Metric "AdvancedMattesMutualInformation" ) 
(NumberOfHistogramBins 32) 
(AutomaticScalesEstimation "true")  
(FinalGridSpacingInPhysicalUnits 16)   
(HowToCombineTransforms "Compose") 
(ErodeMask "true")  
(NumberOfResolutions 3)  
(MaximumNumberOfIterations 100) 
(MaximumStepLength 1)  
(NumberOfSpatialSamples 7000) 
(NewSamplesEveryIteration "true") 
(ImageSampler "Random") 
(BSplineInterpolationOrder "1") 
(FinalBSplineInterpolationOrder "3") 
(DefaultPixelValue 0)  
(WriteResultImage "false") 
(ResultImagePixelType "float") 
(ResultImageFormat "nii")  
(ShowExactMetricValue "true" "true") 


=============== end of ParameterFile: /home/ybr19/Software/Registration/elastixReg/TransformationParameters/parameters_single_bspline.txt ===============

WARNING: The parameter "BSplineTransformSplineOrder", requested at entry number 0, does not exist at all.
  The default value "3" is used instead.
WARNING: The parameter "UseCyclicTransform", requested at entry number 0, does not exist at all.
  The default value "false" is used instead.

Reading images...
Reading images took 57 ms.

Reading the elastix parameters from file ...

Reading the elastix parameters from file ...

WARNING: the fixed pyramid schedule is not fully specified!
  A default pyramid schedule is used.
WARNING: the moving pyramid schedule is not fully specified!
  A default pyramid schedule is used.
Initialization of all components (before registration) took: 8 ms.
Preparation of the image pyramids took: 376 ms.

Resolution: 0
WARNING: The parameter "ExactMetricSampleGridSpacing", requested at entry number 0, does not exist at all.
  The default value "1" is used instead.
WARNING: The parameter "ExactMetricSampleGridSpacing", requested at entry number 1, does not exist at all.
  The default value "1" is used instead.
WARNING: The parameter "ExactMetricSampleGridSpacing", requested at entry number 2, does not exist at all.
  The default value "1" is used instead.
WARNING: The parameter "ExactMetricEveryXIterations", requested at entry number 0, does not exist at all.
  The default value "1" is used instead.
WARNING: The parameter "CheckNumberOfSamples", requested at entry number 0, does not exist at all.
  The default value "true" is used instead.
WARNING: The parameter "UseMultiThreadingForMetrics", requested at entry number 0, does not exist at all.
  The default value "true" is used instead.
Setting the fixed masks took: 0 ms.
Setting the moving masks took: 0 ms.
WARNING: The parameter "NumberOfFixedHistogramBins", requested at entry number 0, does not exist at all.
  The default value "32" is used instead.
WARNING: The parameter "NumberOfMovingHistogramBins", requested at entry number 0, does not exist at all.
  The default value "32" is used instead.
WARNING: The parameter "FixedLimitRangeRatio", requested at entry number 0, does not exist at all.
  The default value "0.01" is used instead.
WARNING: The parameter "MovingLimitRangeRatio", requested at entry number 0, does not exist at all.
  The default value "0.01" is used instead.
WARNING: The parameter "FixedKernelBSplineOrder", requested at entry number 0, does not exist at all.
  The default value "0" is used instead.
WARNING: The parameter "MovingKernelBSplineOrder", requested at entry number 0, does not exist at all.
  The default value "3" is used instead.
WARNING: The parameter "UseFastAndLowMemoryVersion", requested at entry number 0, does not exist at all.
  The default value "true" is used instead.
WARNING: The parameter "UseJacobianPreconditioning", requested at entry number 0, does not exist at all.
  The default value "false" is used instead.
WARNING: The parameter "FiniteDifferenceDerivative", requested at entry number 0, does not exist at all.
  The default value "false" is used instead.
WARNING: The parameter "SP_A", requested at entry number 0, does not exist at all.
  The default value "20" is used instead.
WARNING: The parameter "MaximumNumberOfSamplingAttempts", requested at entry number 0, does not exist at all.
  The default value "0" is used instead.
WARNING: The parameter "SigmoidInitialTime", requested at entry number 0, does not exist at all.
  The default value "0" is used instead.
WARNING: The parameter "MaxBandCovSize", requested at entry number 0, does not exist at all.
  The default value "192" is used instead.
WARNING: The parameter "NumberOfBandStructureSamples", requested at entry number 0, does not exist at all.
  The default value "10" is used instead.
WARNING: The parameter "UseAdaptiveStepSizes", requested at entry number 0, does not exist at all.
  The default value "true" is used instead.
WARNING: The parameter "AutomaticParameterEstimation", requested at entry number 0, does not exist at all.
  The default value "true" is used instead.
WARNING: The parameter "UseConstantStep", requested at entry number 0, does not exist at all.
  The default value "false" is used instead.
WARNING: The parameter "NumberOfGradientMeasurements", requested at entry number 0, does not exist at all.
  The default value "0" is used instead.
WARNING: The parameter "NumberOfJacobianMeasurements", requested at entry number 0, does not exist at all.
  The default value "1176" is used instead.
WARNING: The parameter "NumberOfSamplesForExactGradient", requested at entry number 0, does not exist at all.
  The default value "100000" is used instead.
WARNING: The parameter "SigmoidScaleFactor", requested at entry number 0, does not exist at all.
  The default value "0.1" is used instead.
Elastix initialization of all components (for this resolution) took: 15 ms.
Initialization of AdvancedMattesMutualInformation metric took: 1 ms.
Starting automatic parameter estimation for AdaptiveStochasticGradientDescent ...
WARNING: The parameter "ASGDParameterEstimationMethod", requested at entry number 0, does not exist at all.
  The default value "Original" is used instead.
  Computing JacobianTerms ...
  Computing the Jacobian terms took 0.164213s
  NumberOfGradientMeasurements to estimate sigma_i: 2
  Sampling gradients ...
  Sampling the gradients took 0.130783s
Automatic parameter estimation took 0.31s
1:ItNr	2:Metric	3a:Time	3b:StepSize	4:||Gradient||	ExactMetric0	Time[ms]
0	-1.211244	0.000000	1393.623550	0.003521	-1.208258	386.8
1	-1.204844	0.000000	1393.623550	0.007455	-1.160337	36.3
2	-1.172434	1.000000	1330.277025	0.011630	-1.161434	32.6
3	-1.174842	2.000000	1272.438894	0.010833	-1.180036	31.8
4	-1.191217	3.000000	1219.420607	0.011101	-1.166921	35.4
5	-1.191154	4.000000	1170.643782	0.010248	-1.196722	32.3
6	-1.205753	5.000000	1125.619021	0.010070	-1.175647	30.6
7	-1.189314	6.000000	1083.929428	0.010093	-1.200271	38.0
8	-1.220291	7.000000	1045.217663	0.009264	-1.192377	28.9
9	-1.193048	8.000000	1009.175674	0.009454	-1.199388	36.1
10	-1.198195	9.000000	975.536485	0.008898	-1.200432	28.6
11	-1.204906	10.000000	944.067566	0.010020	-1.189566	30.1
12	-1.192606	11.000000	914.565455	0.011099	-1.191773	33.9
13	-1.197277	12.000000	886.851350	0.010829	-1.194408	42.1
14	-1.177919	13.000000	860.767487	0.010692	-1.196332	31.0
15	-1.198317	14.000000	836.174130	0.009861	-1.206811	34.1
16	-1.207421	15.000000	812.947071	0.009278	-1.202636	34.4
17	-1.216022	16.000000	790.975529	0.010056	-1.203044	40.0
18	-1.229307	17.000000	770.160383	0.010736	-1.200224	24.8
19	-1.215922	18.000000	750.412681	0.009670	-1.213272	33.7
20	-1.217575	19.000000	731.652364	0.008139	-1.212428	41.4
21	-1.212691	20.000000	713.807184	0.008339	-1.214022	40.0
22	-1.217092	21.000000	696.811775	0.009035	-1.209292	36.1
23	-1.230022	22.000000	680.606850	0.009631	-1.211958	28.9
24	-1.219538	23.000000	665.138513	0.008812	-1.216343	32.2
25	-1.236072	24.000000	650.357657	0.008611	-1.214329	42.3
26	-1.206632	25.000000	636.219447	0.007986	-1.219918	31.0
27	-1.202067	26.000000	622.682863	0.006547	-1.222340	26.2
28	-1.231937	27.000000	609.710303	0.006242	-1.222003	30.6
29	-1.231688	28.000000	597.267236	0.007112	-1.219842	33.3
30	-1.231840	29.000000	585.321891	0.007106	-1.223005	37.4
31	-1.213464	30.000000	573.844991	0.006317	-1.223628	33.5
32	-1.219390	31.000000	562.809511	0.006095	-1.224363	44.8
33	-1.237658	32.000000	552.190463	0.006125	-1.224790	28.0
34	-1.226867	33.000000	541.964714	0.005584	-1.226067	34.3
35	-1.191976	34.000000	532.110810	0.004770	-1.227176	34.0
36	-1.249235	35.000000	522.608831	0.005193	-1.225943	41.5
37	-1.233116	36.000000	513.440255	0.005514	-1.227081	32.2
38	-1.246356	37.000000	504.587837	0.005322	-1.226874	44.7
39	-1.245943	38.000000	496.035501	0.005301	-1.227821	36.0
40	-1.222735	39.000000	487.768243	0.004290	-1.229215	30.9
41	-1.232162	40.000000	479.772042	0.003718	-1.228831	32.7
42	-1.229333	41.000000	472.033783	0.003946	-1.229325	33.6
43	-1.229183	42.000000	464.541183	0.003523	-1.230432	41.5
44	-1.232019	43.000000	457.282727	0.002389	-1.230796	33.8
45	-1.213504	44.000000	450.247609	0.002000	-1.231237	34.4
46	-1.212612	45.000000	443.425675	0.001262	-1.231375	40.7
47	-1.235515	45.880398	437.588523	0.001674	-1.231478	33.1
48	-1.252634	45.735622	438.537826	0.002435	-1.231184	36.0
49	-1.226591	46.735622	432.063569	0.002309	-1.231414	33.6
50	-1.236343	47.735622	425.777694	0.002938	-1.230818	32.7
51	-1.251196	48.735622	419.672095	0.003713	-1.230590	35.3
52	-1.252682	49.735622	413.739128	0.003250	-1.231384	40.0
53	-1.206322	50.735622	407.971574	0.001981	-1.231942	23.6
54	-1.206215	51.735622	402.362608	0.001998	-1.232133	32.7
55	-1.243885	52.735622	396.905780	0.001626	-1.231969	33.3
56	-1.235395	53.735621	391.594986	0.002316	-1.231744	39.5
57	-1.226920	54.735621	386.424434	0.004110	-1.230589	39.2
58	-1.241577	55.735621	381.388644	0.003629	-1.232086	33.2
59	-1.251015	56.735621	376.482417	0.002626	-1.232193	41.4
60	-1.242217	57.735621	371.700815	0.002734	-1.231923	35.4
61	-1.217834	58.735621	367.039149	0.002556	-1.232360	33.3
62	-1.239217	59.735621	362.492963	0.002462	-1.232656	40.1
63	-1.257792	60.735621	358.058018	0.002660	-1.232295	28.2
64	-1.232019	61.735621	353.730281	0.002484	-1.232649	25.1
65	-1.247617	62.735621	349.505911	0.002346	-1.232738	29.3
66	-1.234042	63.735621	345.381247	0.001652	-1.232863	31.1
67	-1.272091	64.735621	341.352802	0.002152	-1.232735	33.2
68	-1.214097	65.729019	337.442933	0.001840	-1.232925	35.8
69	-1.234239	66.729019	333.596510	0.002090	-1.233056	40.3
70	-1.227824	67.729019	329.836787	0.001704	-1.232822	34.9
71	-1.250179	68.699149	326.269480	0.002812	-1.232803	35.4
72	-1.220741	69.699149	322.672208	0.002753	-1.233103	43.1
73	-1.240897	70.699149	319.153394	0.002100	-1.232995	36.7
74	-1.234523	71.699149	315.710500	0.002460	-1.233298	38.9
75	-1.238094	72.699149	312.341094	0.002180	-1.233356	33.5
76	-1.208379	73.699149	309.042848	0.001826	-1.233361	29.6
77	-1.238857	74.699149	305.813531	0.001698	-1.233509	33.8
78	-1.229281	75.690387	302.678431	0.001436	-1.233551	35.4
79	-1.251440	75.775208	302.413142	0.002112	-1.233196	42.9
80	-1.246082	75.631016	302.864398	0.002676	-1.233496	31.7
81	-1.231558	76.631016	299.762265	0.002051	-1.233541	30.7
82	-1.246075	77.631016	296.723036	0.001765	-1.233503	33.0
83	-1.226535	78.631016	293.744816	0.002176	-1.233745	32.0
84	-1.214266	79.631016	290.825788	0.002006	-1.233669	39.1
85	-1.235050	80.631012	287.964216	0.001869	-1.233845	30.5
86	-1.252554	81.631012	285.158395	0.001776	-1.233748	46.3
87	-1.238200	82.630860	282.407137	0.002124	-1.233871	32.3
88	-1.233217	83.630860	279.708056	0.001984	-1.233914	34.8
89	-1.244711	84.630860	277.060079	0.001347	-1.234001	38.3
90	-1.246257	85.630795	274.461937	0.001744	-1.234003	37.5
91	-1.231877	85.483216	274.842325	0.001580	-1.233962	37.3
92	-1.243341	86.483216	272.285253	0.001783	-1.233966	33.3
93	-1.225618	87.483216	269.775323	0.001657	-1.233968	41.2
94	-1.232715	88.482581	267.312793	0.001549	-1.234046	35.1
95	-1.251462	89.482581	264.893293	0.001609	-1.234173	35.3
96	-1.225095	90.482540	262.517292	0.002173	-1.233861	41.3
97	-1.235771	90.335794	262.863303	0.002557	-1.234152	31.5
98	-1.238738	91.335794	260.523325	0.002166	-1.234153	43.2
99	-1.239694	92.335794	258.224639	0.002394	-1.234151	34.8
Time spent in resolution 0 (ITK initialization and iterating): 3.854 s.
Stopping condition: Maximum number of iterations has been reached.
Settings of AdaptiveStochasticGradientDescent in resolution 0:
( SP_a 29266.094558 )
( SP_A 20.000000 )
( SP_alpha 1.000000 )
( SigmoidMax 1.000000 )
( SigmoidMin -0.148183 )
( SigmoidScale 0.000000 )


Resolution: 1
WARNING: The parameter "ExactMetricSampleGridSpacing", requested at entry number 3, does not exist at all.
  The default value "1" is used instead.
WARNING: The parameter "ExactMetricSampleGridSpacing", requested at entry number 4, does not exist at all.
  The default value "1" is used instead.
WARNING: The parameter "ExactMetricSampleGridSpacing", requested at entry number 5, does not exist at all.
  The default value "1" is used instead.
WARNING: The parameter "ExactMetricEveryXIterations", requested at entry number 1, does not exist at all.
  The default value "1" is used instead.
WARNING: The parameter "CheckNumberOfSamples", requested at entry number 1, does not exist at all.
  The default value "true" is used instead.
WARNING: The parameter "UseMultiThreadingForMetrics", requested at entry number 1, does not exist at all.
  The default value "true" is used instead.
Setting the fixed masks took: 0 ms.
Setting the moving masks took: 0 ms.
WARNING: The parameter "NumberOfFixedHistogramBins", requested at entry number 1, does not exist at all.
  The default value "32" is used instead.
WARNING: The parameter "NumberOfMovingHistogramBins", requested at entry number 1, does not exist at all.
  The default value "32" is used instead.
WARNING: The parameter "FixedLimitRangeRatio", requested at entry number 1, does not exist at all.
  The default value "0.01" is used instead.
WARNING: The parameter "MovingLimitRangeRatio", requested at entry number 1, does not exist at all.
  The default value "0.01" is used instead.
WARNING: The parameter "FixedKernelBSplineOrder", requested at entry number 1, does not exist at all.
  The default value "0" is used instead.
WARNING: The parameter "MovingKernelBSplineOrder", requested at entry number 1, does not exist at all.
  The default value "3" is used instead.
WARNING: The parameter "UseFastAndLowMemoryVersion", requested at entry number 1, does not exist at all.
  The default value "true" is used instead.
WARNING: The parameter "UseJacobianPreconditioning", requested at entry number 1, does not exist at all.
  The default value "false" is used instead.
WARNING: The parameter "FiniteDifferenceDerivative", requested at entry number 1, does not exist at all.
  The default value "false" is used instead.
WARNING: The parameter "SP_A", requested at entry number 1, does not exist at all.
  The default value "20" is used instead.
WARNING: The parameter "MaximumNumberOfSamplingAttempts", requested at entry number 1, does not exist at all.
  The default value "0" is used instead.
WARNING: The parameter "SigmoidInitialTime", requested at entry number 1, does not exist at all.
  The default value "0" is used instead.
WARNING: The parameter "MaxBandCovSize", requested at entry number 1, does not exist at all.
  The default value "192" is used instead.
WARNING: The parameter "NumberOfBandStructureSamples", requested at entry number 1, does not exist at all.
  The default value "10" is used instead.
WARNING: The parameter "UseAdaptiveStepSizes", requested at entry number 1, does not exist at all.
  The default value "true" is used instead.
WARNING: The parameter "AutomaticParameterEstimation", requested at entry number 1, does not exist at all.
  The default value "true" is used instead.
WARNING: The parameter "UseConstantStep", requested at entry number 1, does not exist at all.
  The default value "false" is used instead.
WARNING: The parameter "NumberOfGradientMeasurements", requested at entry number 1, does not exist at all.
  The default value "0" is used instead.
WARNING: The parameter "NumberOfJacobianMeasurements", requested at entry number 1, does not exist at all.
  The default value "3960" is used instead.
WARNING: The parameter "NumberOfSamplesForExactGradient", requested at entry number 1, does not exist at all.
  The default value "100000" is used instead.
WARNING: The parameter "SigmoidScaleFactor", requested at entry number 1, does not exist at all.
  The default value "0.1" is used instead.
Elastix initialization of all components (for this resolution) took: 38 ms.
Initialization of AdvancedMattesMutualInformation metric took: 12 ms.
Starting automatic parameter estimation for AdaptiveStochasticGradientDescent ...
WARNING: The parameter "ASGDParameterEstimationMethod", requested at entry number 0, does not exist at all.
  The default value "Original" is used instead.
  Computing JacobianTerms ...
  Computing the Jacobian terms took 0.777583s
  NumberOfGradientMeasurements to estimate sigma_i: 2
  Sampling gradients ...
  Sampling the gradients took 0.147438s
Automatic parameter estimation took 0.94s
1:ItNr	2:Metric	3a:Time	3b:StepSize	4:||Gradient||	ExactMetric0	Time[ms]
0	-0.980897	0.000000	3548.784651	0.003005	-0.948822	1112.5
1	-0.977001	0.000000	3548.784651	0.008271	-0.859581	86.5
2	-0.851273	1.000000	3387.476257	0.005612	-0.944155	91.5
3	-0.968539	2.000000	3240.194681	0.005656	-0.949381	87.5
4	-0.942592	1.719229	3280.238012	0.005825	-0.934096	76.5
5	-0.950478	2.719229	3141.943548	0.005890	-0.950295	79.2
6	-0.951882	3.719229	3014.838306	0.005747	-0.944427	95.3
7	-0.946144	4.719229	2897.617128	0.006565	-0.934358	84.7
8	-0.932205	5.719229	2789.170242	0.006885	-0.942339	78.0
9	-0.956088	6.719229	2688.548026	0.006594	-0.943395	84.5
10	-0.952014	7.719229	2594.933115	0.006858	-0.940220	77.0
11	-0.954439	8.719229	2507.618160	0.006099	-0.957690	76.3
12	-0.969651	9.719229	2425.987915	0.007182	-0.929152	78.2
13	-0.943349	10.719229	2349.504722	0.007565	-0.946469	128.7
14	-0.949900	11.719229	2277.696650	0.006443	-0.954387	90.0
15	-0.964040	12.719229	2210.147755	0.006712	-0.949507	102.2
16	-0.944487	13.719229	2146.490011	0.006484	-0.959047	85.6
17	-0.949486	14.719229	2086.396608	0.006395	-0.953914	79.5
18	-0.949775	15.719229	2029.576335	0.006314	-0.962788	78.4
19	-0.963134	16.719229	1975.768863	0.006051	-0.962723	87.0
20	-0.976073	17.719229	1924.740758	0.006067	-0.964470	84.3
21	-0.972803	18.719229	1876.282094	0.006429	-0.958912	98.3
22	-0.950623	19.719229	1830.203567	0.007007	-0.961014	110.8
23	-0.970842	20.719229	1786.334022	0.006484	-0.962279	88.4
24	-0.976336	21.719229	1744.518332	0.006434	-0.967980	78.7
25	-0.980317	22.719229	1704.615562	0.006497	-0.963452	87.0
26	-0.972275	23.719229	1666.497383	0.006421	-0.970371	79.4
27	-0.978419	24.719229	1630.046695	0.006081	-0.969488	85.9
28	-0.986652	25.719229	1595.156420	0.006302	-0.967476	77.0
29	-0.978833	26.719229	1561.728462	0.006127	-0.972514	78.7
30	-0.990959	27.719229	1529.672772	0.005501	-0.974075	94.9
31	-0.969111	28.719229	1498.906551	0.005671	-0.972822	87.4
32	-0.979807	29.719229	1469.353528	0.005735	-0.975082	76.8
33	-0.984913	30.719229	1440.943330	0.006013	-0.970840	85.7
34	-0.968493	31.719229	1413.610925	0.006616	-0.971640	77.5
35	-0.960018	32.719229	1387.296122	0.005545	-0.979064	79.0
36	-0.979213	33.719229	1361.943130	0.004453	-0.982068	85.1
37	-0.995414	34.719229	1337.500166	0.003636	-0.984201	74.6
38	-0.974093	35.719229	1313.919095	0.003915	-0.983183	87.5
39	-0.992360	36.719229	1291.155119	0.003835	-0.984144	82.7
40	-1.002647	37.719229	1269.166494	0.002922	-0.986341	84.4
41	-0.992492	38.719229	1247.914269	0.003342	-0.985263	105.7
42	-0.982457	39.719229	1227.362060	0.003454	-0.983339	82.9
43	-1.002049	40.719229	1207.475842	0.005259	-0.978372	79.2
44	-1.000062	41.719229	1188.223758	0.004228	-0.986669	102.8
45	-1.004446	42.719229	1169.575953	0.003498	-0.985142	82.7
46	-1.015923	43.719229	1151.504416	0.004111	-0.982467	99.1
47	-0.992687	44.719229	1133.982840	0.004634	-0.984519	91.7
48	-0.997524	45.719229	1116.986498	0.003611	-0.985863	79.2
49	-0.996101	46.719229	1100.492121	0.004161	-0.983404	82.7
50	-0.993420	47.719229	1084.477795	0.004390	-0.984620	84.7
51	-1.002867	48.719229	1068.922864	0.004945	-0.980749	97.1
52	-0.989251	49.719229	1053.807840	0.006298	-0.978274	85.3
53	-0.986106	50.719229	1039.114321	0.006614	-0.979487	91.3
54	-0.984519	51.719229	1024.824919	0.006497	-0.979515	111.9
55	-1.003735	52.719229	1010.923187	0.004944	-0.986566	104.8
56	-1.018522	53.719229	997.393562	0.003961	-0.987104	81.3
57	-0.981188	54.719229	984.221299	0.003100	-0.988254	95.0
58	-0.977522	55.719229	971.392425	0.003132	-0.987811	80.9
59	-0.981992	56.719229	958.893685	0.003429	-0.986408	87.1
60	-0.997674	57.719229	946.712498	0.004026	-0.987204	86.3
61	-0.983992	58.719229	934.836913	0.004123	-0.986537	88.8
62	-1.001333	59.719229	923.255572	0.003745	-0.987527	80.0
63	-0.984003	60.719229	911.957673	0.003431	-0.987363	91.6
64	-0.981252	61.719229	900.932937	0.004183	-0.986416	81.1
65	-0.992334	62.719229	890.171575	0.004261	-0.986885	77.9
66	-1.007002	63.719229	879.664260	0.003443	-0.988014	85.7
67	-0.979484	64.719229	869.402102	0.003472	-0.987553	76.3
68	-0.990236	65.719229	859.376620	0.003990	-0.986508	89.3
69	-0.979448	66.719229	849.579719	0.003947	-0.988228	91.2
70	-1.000358	67.719229	840.003669	0.003401	-0.987847	85.0
71	-1.017435	68.719229	830.641087	0.003538	-0.988070	92.1
72	-1.004883	69.719229	821.484912	0.003226	-0.989219	108.8
73	-0.985986	70.719229	812.528395	0.003130	-0.988556	78.0
74	-1.002910	71.719229	803.765073	0.003678	-0.987783	94.5
75	-0.991657	72.719229	795.188764	0.004625	-0.985915	88.1
76	-0.977638	73.719229	786.793544	0.003932	-0.988021	82.6
77	-1.000484	74.719229	778.573738	0.003331	-0.989310	88.5
78	-0.996813	75.719229	770.523904	0.003392	-0.987869	99.1
79	-0.984822	76.719229	762.638824	0.003432	-0.989492	84.9
80	-0.998455	77.719229	754.913492	0.002801	-0.989587	85.3
81	-0.999365	78.719229	747.343101	0.002636	-0.989932	80.4
82	-0.977214	79.719229	739.923038	0.002695	-0.989460	82.1
83	-1.004866	80.719229	732.648867	0.002928	-0.989178	85.9
84	-1.009016	81.719229	725.516328	0.002746	-0.990138	87.0
85	-0.998316	82.719229	718.521325	0.002522	-0.990143	77.7
86	-0.982858	83.719229	711.659917	0.002320	-0.989947	90.2
87	-0.981875	84.719229	704.928314	0.002490	-0.990199	79.8
88	-1.006551	85.719229	698.322866	0.002568	-0.989701	82.2
89	-0.998752	86.719229	691.840060	0.002824	-0.990221	100.1
90	-0.981139	87.719229	685.476512	0.002285	-0.990408	87.1
91	-1.002429	88.719229	679.228960	0.002741	-0.990099	80.6
92	-1.004371	89.719229	673.094263	0.002992	-0.989640	83.0
93	-1.001160	90.719229	667.069389	0.002997	-0.990207	92.1
94	-0.978466	91.719229	661.151416	0.002568	-0.989828	89.5
95	-1.001329	92.719229	655.337523	0.002940	-0.989949	79.1
96	-1.007801	93.719229	649.624989	0.002889	-0.989302	88.4
97	-1.001186	94.719229	644.011185	0.002990	-0.990467	84.9
98	-1.005812	95.719229	638.493575	0.002586	-0.990287	86.6
99	-1.010386	96.719229	633.069707	0.002654	-0.990004	80.8
Time spent in resolution 1 (ITK initialization and iterating): 9.731 s.
Stopping condition: Maximum number of iterations has been reached.
Settings of AdaptiveStochasticGradientDescent in resolution 1:
( SP_a 74524.477662 )
( SP_A 20.000000 )
( SP_alpha 1.000000 )
( SigmoidMax 1.000000 )
( SigmoidMin -0.280771 )
( SigmoidScale 0.000000 )


Resolution: 2
WARNING: The parameter "ExactMetricSampleGridSpacing", requested at entry number 6, does not exist at all.
  The default value "1" is used instead.
WARNING: The parameter "ExactMetricSampleGridSpacing", requested at entry number 7, does not exist at all.
  The default value "1" is used instead.
WARNING: The parameter "ExactMetricSampleGridSpacing", requested at entry number 8, does not exist at all.
  The default value "1" is used instead.
WARNING: The parameter "ExactMetricEveryXIterations", requested at entry number 2, does not exist at all.
  The default value "1" is used instead.
WARNING: The parameter "CheckNumberOfSamples", requested at entry number 2, does not exist at all.
  The default value "true" is used instead.
WARNING: The parameter "UseMultiThreadingForMetrics", requested at entry number 2, does not exist at all.
  The default value "true" is used instead.
Setting the fixed masks took: 0 ms.
Setting the moving masks took: 0 ms.
WARNING: The parameter "NumberOfFixedHistogramBins", requested at entry number 2, does not exist at all.
  The default value "32" is used instead.
WARNING: The parameter "NumberOfMovingHistogramBins", requested at entry number 2, does not exist at all.
  The default value "32" is used instead.
WARNING: The parameter "FixedLimitRangeRatio", requested at entry number 2, does not exist at all.
  The default value "0.01" is used instead.
WARNING: The parameter "MovingLimitRangeRatio", requested at entry number 2, does not exist at all.
  The default value "0.01" is used instead.
WARNING: The parameter "FixedKernelBSplineOrder", requested at entry number 2, does not exist at all.
  The default value "0" is used instead.
WARNING: The parameter "MovingKernelBSplineOrder", requested at entry number 2, does not exist at all.
  The default value "3" is used instead.
WARNING: The parameter "UseFastAndLowMemoryVersion", requested at entry number 2, does not exist at all.
  The default value "true" is used instead.
WARNING: The parameter "UseJacobianPreconditioning", requested at entry number 2, does not exist at all.
  The default value "false" is used instead.
WARNING: The parameter "FiniteDifferenceDerivative", requested at entry number 2, does not exist at all.
  The default value "false" is used instead.
WARNING: The parameter "SP_A", requested at entry number 2, does not exist at all.
  The default value "20" is used instead.
WARNING: The parameter "MaximumNumberOfSamplingAttempts", requested at entry number 2, does not exist at all.
  The default value "0" is used instead.
WARNING: The parameter "SigmoidInitialTime", requested at entry number 2, does not exist at all.
  The default value "0" is used instead.
WARNING: The parameter "MaxBandCovSize", requested at entry number 2, does not exist at all.
  The default value "192" is used instead.
WARNING: The parameter "NumberOfBandStructureSamples", requested at entry number 2, does not exist at all.
  The default value "10" is used instead.
WARNING: The parameter "UseAdaptiveStepSizes", requested at entry number 2, does not exist at all.
  The default value "true" is used instead.
WARNING: The parameter "AutomaticParameterEstimation", requested at entry number 2, does not exist at all.
  The default value "true" is used instead.
WARNING: The parameter "UseConstantStep", requested at entry number 2, does not exist at all.
  The default value "false" is used instead.
WARNING: The parameter "NumberOfGradientMeasurements", requested at entry number 2, does not exist at all.
  The default value "0" is used instead.
WARNING: The parameter "NumberOfJacobianMeasurements", requested at entry number 2, does not exist at all.
  The default value "19278" is used instead.
WARNING: The parameter "NumberOfSamplesForExactGradient", requested at entry number 2, does not exist at all.
  The default value "100000" is used instead.
WARNING: The parameter "SigmoidScaleFactor", requested at entry number 2, does not exist at all.
  The default value "0.1" is used instead.
Elastix initialization of all components (for this resolution) took: 51 ms.
Initialization of AdvancedMattesMutualInformation metric took: 129 ms.
Starting automatic parameter estimation for AdaptiveStochasticGradientDescent ...
WARNING: The parameter "ASGDParameterEstimationMethod", requested at entry number 0, does not exist at all.
  The default value "Original" is used instead.
  Computing JacobianTerms ...
  Computing the Jacobian terms took 3.899973s
  NumberOfGradientMeasurements to estimate sigma_i: 2
  Sampling gradients ...
  Sampling the gradients took 0.236386s
Automatic parameter estimation took 4.15s
1:ItNr	2:Metric	3a:Time	3b:StepSize	4:||Gradient||	ExactMetric0	Time[ms]
0	-0.717355	0.000000	6428.368345	0.004123	-0.691336	4960.9
1	-0.702021	0.000000	6428.368345	0.004300	-0.696466	426.1
2	-0.716058	1.000000	6136.169784	0.003988	-0.695307	412.4
3	-0.697156	2.000000	5869.379794	0.004085	-0.696907	415.4
4	-0.716304	3.000000	5624.822302	0.004092	-0.696466	408.7
5	-0.711469	4.000000	5399.829410	0.004485	-0.695647	414.6
6	-0.713855	5.000000	5192.143663	0.004662	-0.693197	412.3
7	-0.710184	6.000000	4999.842046	0.004116	-0.702055	407.5
8	-0.710774	7.000000	4821.276259	0.004236	-0.701866	424.0
9	-0.690466	8.000000	4655.025353	0.004074	-0.705001	411.2
10	-0.701980	9.000000	4499.857842	0.003870	-0.703096	414.0
11	-0.700426	10.000000	4354.701137	0.004095	-0.708529	416.8
12	-0.699390	11.000000	4218.616727	0.004254	-0.702797	434.3
13	-0.694005	12.000000	4090.779856	0.004321	-0.709191	419.5
14	-0.718591	13.000000	3970.462801	0.004574	-0.705714	408.4
15	-0.691665	14.000000	3857.021007	0.004046	-0.707634	418.3
16	-0.709817	15.000000	3749.881535	0.004063	-0.710322	418.5
17	-0.713241	16.000000	3648.533385	0.004495	-0.706860	432.7
18	-0.712277	17.000000	3552.519349	0.004385	-0.708325	419.9
19	-0.714473	18.000000	3461.429109	0.004593	-0.708680	413.9
20	-0.699723	19.000000	3374.893381	0.004563	-0.712046	410.6
21	-0.720819	20.000000	3292.578909	0.004196	-0.712988	416.7
22	-0.713206	21.000000	3214.184173	0.003970	-0.716008	414.9
23	-0.711904	22.000000	3139.435704	0.004488	-0.711233	426.8
24	-0.737035	23.000000	3068.084892	0.004309	-0.715379	424.2
25	-0.719818	24.000000	2999.905228	0.004028	-0.717098	414.8
26	-0.712388	25.000000	2934.689897	0.004084	-0.715710	411.7
27	-0.707758	26.000000	2872.249686	0.004148	-0.718637	417.2
28	-0.719059	27.000000	2812.411151	0.004367	-0.714613	410.3
29	-0.726350	28.000000	2755.015005	0.004134	-0.717058	413.0
30	-0.724540	29.000000	2699.914705	0.004382	-0.717234	433.9
31	-0.747275	30.000000	2646.975201	0.004241	-0.718379	441.3
32	-0.717776	31.000000	2596.071832	0.004047	-0.721920	426.0
33	-0.721142	32.000000	2547.089344	0.004465	-0.718940	432.4
34	-0.719081	33.000000	2499.921023	0.004854	-0.716152	426.7
35	-0.742796	34.000000	2454.467914	0.004437	-0.720424	412.7
36	-0.712922	35.000000	2410.638129	0.004191	-0.720280	417.8
37	-0.718582	36.000000	2368.346232	0.004224	-0.721133	417.0
38	-0.743809	37.000000	2327.512677	0.004236	-0.720480	431.3
39	-0.724821	38.000000	2288.063309	0.004237	-0.720635	438.7
40	-0.732472	39.000000	2249.928921	0.004227	-0.720064	422.4
41	-0.729618	40.000000	2213.044840	0.004332	-0.723325	423.9
42	-0.739457	41.000000	2177.350569	0.004277	-0.723074	422.1
43	-0.747003	42.000000	2142.789448	0.004328	-0.723274	425.5
44	-0.729972	43.000000	2109.308363	0.003744	-0.724564	425.1
45	-0.728381	44.000000	2076.857465	0.004229	-0.723284	419.4
46	-0.710033	45.000000	2045.389928	0.003908	-0.725217	413.8
47	-0.750277	46.000000	2014.861720	0.004273	-0.723879	419.2
48	-0.729184	47.000000	1985.231401	0.004747	-0.722936	441.8
49	-0.733108	48.000000	1956.459931	0.004225	-0.724399	434.9
50	-0.709712	49.000000	1928.510504	0.003939	-0.723563	429.7
51	-0.748853	50.000000	1901.348384	0.004206	-0.724054	419.4
52	-0.722088	51.000000	1874.940767	0.004349	-0.724044	415.3
53	-0.744936	52.000000	1849.256647	0.004276	-0.725160	423.8
54	-0.719966	53.000000	1824.266693	0.003767	-0.725520	420.9
55	-0.745944	54.000000	1799.943137	0.004609	-0.724415	418.0
56	-0.741334	55.000000	1776.259674	0.004265	-0.726607	420.2
57	-0.715876	56.000000	1753.191367	0.003773	-0.726216	411.2
58	-0.722347	56.999999	1730.714567	0.003739	-0.726582	420.5
59	-0.732310	57.999999	1708.806788	0.004295	-0.725830	423.1
60	-0.737207	58.999999	1687.446703	0.004315	-0.726341	424.8
61	-0.721575	59.999999	1666.614027	0.003909	-0.726771	417.1
62	-0.717070	60.999999	1646.289466	0.004262	-0.725526	409.2
63	-0.732631	61.999999	1626.454653	0.004342	-0.727706	442.6
64	-0.723889	62.999999	1607.092097	0.004378	-0.726790	424.6
65	-0.722753	63.999999	1588.185131	0.004416	-0.726091	412.0
66	-0.724296	64.999999	1569.717862	0.004252	-0.727380	417.9
67	-0.719828	65.999999	1551.675128	0.003831	-0.727659	416.9
68	-0.730958	66.999999	1534.042456	0.003884	-0.726945	408.6
69	-0.730970	67.984626	1517.068080	0.004317	-0.727475	427.6
70	-0.740370	68.984626	1500.208888	0.004205	-0.728005	437.1
71	-0.717116	69.984626	1483.720290	0.003609	-0.728089	427.5
72	-0.744041	70.984626	1467.590200	0.003961	-0.728017	425.6
73	-0.734611	71.984626	1451.807051	0.004205	-0.728297	417.7
74	-0.734449	72.984626	1436.359769	0.004316	-0.728003	423.6
75	-0.724440	73.984626	1421.237745	0.003848	-0.728747	430.6
76	-0.730848	74.984626	1406.430814	0.004422	-0.728584	423.8
77	-0.740551	75.984626	1391.929228	0.004520	-0.728121	420.0
78	-0.731771	76.984626	1377.723640	0.004344	-0.728815	412.2
79	-0.743250	77.984626	1363.805079	0.004433	-0.728926	423.5
80	-0.736418	78.984626	1350.164931	0.004416	-0.728847	420.7
81	-0.715754	79.984626	1336.794926	0.004239	-0.727408	420.9
82	-0.754224	80.984626	1323.687118	0.004673	-0.728593	433.0
83	-0.753118	81.984626	1310.833868	0.004158	-0.728049	409.3
84	-0.726404	82.983750	1298.238764	0.004169	-0.728786	420.2
85	-0.732428	83.983750	1285.872671	0.003879	-0.729527	436.1
86	-0.733426	84.983750	1273.739937	0.004059	-0.729726	420.6
87	-0.720884	85.983750	1261.834017	0.003990	-0.730145	415.6
88	-0.730406	86.983750	1250.148611	0.004166	-0.729442	420.9
89	-0.749419	87.983750	1238.677647	0.003727	-0.729639	437.0
90	-0.734463	88.983750	1227.415278	0.004057	-0.730727	421.4
91	-0.741662	89.983750	1216.355863	0.004377	-0.729190	408.0
92	-0.759336	90.983750	1205.493967	0.004518	-0.730475	410.5
93	-0.721312	91.983750	1194.824345	0.003885	-0.730642	429.0
94	-0.724514	92.983750	1184.341935	0.003684	-0.729758	419.7
95	-0.749447	93.983724	1174.042123	0.004095	-0.729824	410.5
96	-0.756998	94.983724	1163.919650	0.004354	-0.730563	432.2
97	-0.736877	95.983695	1153.970514	0.004096	-0.730431	417.2
98	-0.753259	96.983695	1144.189752	0.004258	-0.730179	409.7
99	-0.732627	97.983695	1134.573394	0.003722	-0.730991	423.5
Time spent in resolution 2 (ITK initialization and iterating): 46.648 s.
Stopping condition: Maximum number of iterations has been reached.
Settings of AdaptiveStochasticGradientDescent in resolution 2:
( SP_a 134995.735251 )
( SP_A 20.000000 )
( SP_alpha 1.000000 )
( SigmoidMax 1.000000 )
( SigmoidMin -0.727670 )
( SigmoidScale 0.000000 )



=============== start of TransformParameterFile ===============
(Transform "BSplineTransform")
(NumberOfParameters 19278)
(TransformParameters 0.009045 0.021671 0.028054 0.036634 0.044600 0.051095 0.055279 0.057078 0.056268 0.052496 0.046148 0.038373 0.030130 0.022522 0.016155 0.010833 0.007373 0.002151 0.047204 0.106382 0.134096 0.170460 0.202356 0.226010 0.238429 0.241163 0.234416 0.217773 0.192828 0.163208 0.131900 0.102007 0.075732 0.052862 0.037648 0.012811 0.071276 0.159647 0.200487 0.253425 0.298848 0.331389 0.347041 0.348968 0.337880 0.313279 0.277445 0.235421 0.191222 0.148773 0.111117 0.078143 0.056159 0.019675 0.106095 0.235821 0.294618 0.370335 0.434025 0.477460 0.495075 0.492380 0.471602 0.434164 0.383698 0.326187 0.266440 0.208784 0.157098 0.111570 0.081195 0.029570 0.149264 0.328792 0.408158 0.510343 0.594932 0.649085 0.665033 0.651003 0.612416 0.556674 0.489737 0.416876 0.342736 0.270906 0.205704 0.147913 0.109377 0.041730 0.197062 0.432973 0.535882 0.668545 0.777708 0.845802 0.861902 0.835278 0.774033 0.691472 0.597943 0.503466 0.413635 0.328595 0.251827 0.183818 0.138591 0.055557 0.243813 0.538436 0.667125 0.833172 0.970384 1.058147 1.081229 1.046143 0.960968 0.840685 0.703118 0.575484 0.467410 0.371204 0.287289 0.213769 0.165166 0.069909 0.276474 0.623442 0.779099 0.979476 1.146153 1.255746 1.288507 1.247145 1.139045 0.980145 0.795878 0.631343 0.501730 0.395019 0.308475 0.234312 0.185543 0.082429 0.281862 0.665942 0.848628 1.082220 1.277627 1.407572 1.448506 1.401111 1.273435 1.085085 0.866280 0.668982 0.513889 0.396033 0.311551 0.241837 0.196054 0.090717 0.260995 0.662300 0.867680 1.130685 1.353569 1.499216 1.541399 1.485367 1.343175 1.142144 0.912631 0.697071 0.518729 0.388826 0.305575 0.240284 0.198036 0.094324 0.214880 0.608859 0.828196 1.114115 1.362702 1.516300 1.547507 1.477170 1.327143 1.137266 0.932446 0.724161 0.531072 0.387959 0.299589 0.233580 0.192821 0.092799 0.160155 0.533306 0.758090 1.051490 1.307545 1.454721 1.467557 1.382644 1.232204 1.065779 0.898784 0.714114 0.523745 0.378206 0.287924 0.221739 0.182122 0.087656 0.113459 0.463327 0.685272 0.961785 1.190609 1.310312 1.302372 1.209955 1.067434 0.923643 0.786041 0.631380 0.469603 0.344344 0.264908 0.204773 0.167652 0.080407 0.077507 0.399858 0.610822 0.858397 1.047656 1.134625 1.108655 1.014545 0.883862 0.755158 0.638058 0.515272 0.392855 0.297615 0.234423 0.183416 0.150041 0.071816 0.055015 0.343815 0.535791 0.754679 0.914397 0.979105 0.942184 0.847716 0.724549 0.604903 0.501212 0.404733 0.317588 0.249246 0.200339 0.158394 0.129911 0.062641 0.041010 0.291680 0.459657 0.650096 0.786864 0.836383 0.793522 0.700391 0.584046 0.473424 0.381767 0.306937 0.248175 0.201560 0.164663 0.131336 0.108273 0.052942 0.030496 0.239668 0.381466 0.543486 0.660320 0.698300 0.653049 0.564734 0.458785 0.361746 0.285692 0.228927 0.188825 0.156729 0.129276 0.103768 0.086051 0.042734 0.022737 0.189604 0.304096 0.436907 0.534258 0.563705 0.521307 0.443164 0.352020 0.271719 0.212190 0.169817 0.141190 0.118088 0.097533 0.078421 0.065317 0.032850 0.016613 0.139610 0.224414 0.323708 0.397470 0.420163 0.388452 0.329306 0.260147 0.200084 0.156556 0.125613 0.104348 0.086825 0.071018 0.056595 0.046928 0.023483 0.012380 0.099668 0.159760 0.230468 0.283610 0.301417 0.281162 0.240672 0.192056 0.149616 0.118652 0.095734 0.078888 0.064641 0.051910 0.040621 0.033241 0.016248 0.004927 0.028164 0.043724 0.062476 0.077311 0.084075 0.081781 0.073998 0.063277 0.052913 0.044192 0.036472 0.029602 0.023319 0.017704 0.012828 0.009634 0.003852 0.011104 0.023282 0.028679 0.036608 0.044983 0.053887 0.062471 0.069753 0.074643 0.075540 0.072267 0.066039 0.057671 0.047846 0.037596 0.027527 0.020330 0.007549 0.061481 0.115741 0.134780 0.162376 0.188887 0.213175 0.232815 0.247283 0.256002 0.259052 0.255921 0.245560 0.227339 0.199724 0.165450 0.127984 0.099848 0.042585 0.091661 0.172534 0.200873 0.241766 0.280245 0.313210 0.336907 0.351192 0.356899 0.357916 0.354136 0.341753 0.318846 0.282715 0.236756 0.185414 0.146465 0.064291 0.131659 0.256041 0.303526 0.366031 0.419230 0.460593 0.485726 0.496059 0.493575 0.483349 0.467196 0.444838 0.414679 0.370945 0.316182 0.253104 0.204307 0.093763 0.175366 0.362499 0.443509 0.536694 0.603400 0.648213 0.668322 0.668870 0.651338 0.613718 0.562362 0.515029 0.474522 0.428736 0.376122 0.311997 0.260361 0.127054 0.216194 0.477295 0.600089 0.721193 0.787050 0.826746 0.841547 0.827215 0.783820 0.713562 0.629283 0.559457 0.510621 0.466461 0.421334 0.362409 0.313254 0.162590 0.244962 0.581070 0.747089 0.880527 0.917158 0.933749 0.946149 0.915399 0.830152 0.728777 0.639722 0.574019 0.526081 0.486591 0.449949 0.399460 0.357509 0.197001 0.241618 0.634878 0.841738 0.991135 1.011659 1.024837 1.051340 1.015357 0.902744 0.760640 0.637152 0.575879 0.537636 0.505998 0.474935 0.430189 0.394205 0.226550 0.185922 0.599438 0.840865 1.029002 1.085281 1.153052 1.219016 1.208767 1.101468 0.912741 0.705253 0.591591 0.561951 0.540002 0.508662 0.461260 0.424127 0.247372 0.084510 0.493680 0.771797 1.023134 1.157106 1.269687 1.341875 1.375131 1.279609 1.071723 0.808776 0.644499 0.588686 0.558824 0.524521 0.475623 0.439018 0.259467 -0.055994 0.336513 0.661781 1.000712 1.236544 1.355078 1.372027 1.339916 1.245595 1.101990 0.908890 0.745120 0.613734 0.534880 0.495254 0.456187 0.430599 0.262825 -0.191467 0.165706 0.519326 0.926215 1.239750 1.373632 1.327940 1.196883 1.103216 1.052860 0.928198 0.772936 0.613174 0.492022 0.447309 0.420103 0.409060 0.259475 -0.277787 0.019024 0.352899 0.768720 1.124528 1.273163 1.202069 1.070029 0.962172 0.939081 0.867337 0.714420 0.558906 0.447971 0.405869 0.384546 0.384591 0.251442 -0.308837 -0.056886 0.246851 0.646875 1.012702 1.165120 1.087580 0.961595 0.841234 0.768194 0.713849 0.601284 0.486873 0.407679 0.371298 0.354151 0.360285 0.239268 -0.278495 -0.015398 0.285636 0.684895 1.048974 1.195433 1.101992 0.928595 0.756764 0.644060 0.580579 0.507019 0.424476 0.365891 0.343475 0.333546 0.339212 0.223479 -0.216020 0.071457 0.369505 0.755476 1.094425 1.219004 1.110277 0.909074 0.694420 0.553146 0.488530 0.430452 0.365645 0.327539 0.320982 0.315530 0.315347 0.202181 -0.150560 0.131374 0.398102 0.729396 1.004225 1.095120 0.988106 0.795067 0.587720 0.450906 0.397586 0.361522 0.325970 0.307500 0.304038 0.292570 0.282311 0.173271 -0.092962 0.160669 0.381267 0.642266 0.844226 0.903460 0.811488 0.648574 0.472272 0.357070 0.317064 0.302550 0.294887 0.289614 0.281729 0.260904 0.241318 0.140408 -0.052477 0.151834 0.320488 0.516141 0.662900 0.704857 0.636462 0.514352 0.380861 0.292397 0.260985 0.253704 0.254623 0.250649 0.236877 0.211279 0.188605 0.104401 -0.027984 0.127174 0.251351 0.396020 0.505217 0.538956 0.493005 0.408147 0.314130 0.249509 0.223436 0.215935 0.215325 0.207696 0.189513 0.162900 0.140923 0.074279 0.003876 0.055737 0.093066 0.138099 0.174339 0.191561 0.187784 0.172458 0.152029 0.134462 0.122264 0.112765 0.103858 0.091554 0.075809 0.058604 0.045664 0.019435 0.010175 0.018885 0.021948 0.027014 0.033202 0.041598 0.051681 0.062058 0.071062 0.075991 0.076161 0.072798 0.066447 0.057182 0.046140 0.034532 0.025964 0.010074 0.059298 0.097862 0.106354 0.122734 0.141940 0.163758 0.185896 0.205379 0.221547 0.236982 0.250188 0.255908 0.250832 0.230773 0.198232 0.158124 0.126404 0.056646 0.087631 0.146002 0.160573 0.189549 0.223747 0.257936 0.286602 0.304003 0.312300 0.325173 0.342473 0.351494 0.346121 0.321364 0.280081 0.227123 0.184405 0.085346 0.121685 0.224902 0.265946 0.322299 0.374373 0.420672 0.455121 0.471446 0.471054 0.465113 0.457238 0.446543 0.430510 0.401722 0.360192 0.302407 0.253264 0.123895 0.152624 0.339615 0.443693 0.548254 0.611790 0.657551 0.695134 0.714528 0.710217 0.660201 0.569121 0.493641 0.447932 0.418595 0.396969 0.355660 0.314009 0.166709 0.173633 0.464081 0.647545 0.785929 0.812106 0.788184 0.806530 0.806988 0.765726 0.674723 0.588580 0.496800 0.437728 0.415995 0.418158 0.398044 0.369394 0.211342 0.175360 0.568179 0.826930 0.949817 0.866351 0.704085 0.637565 0.612235 0.512814 0.374445 0.430687 0.448569 0.411089 0.418693 0.441000 0.434235 0.416985 0.252960 0.140669 0.600265 0.914572 1.016233 0.852196 0.622327 0.490051 0.450704 0.359645 0.274275 0.346233 0.403408 0.392093 0.439485 0.484008 0.482466 0.464357 0.287860 0.052241 0.508412 0.842392 0.953010 0.794876 0.618390 0.547082 0.538136 0.515472 0.434721 0.354700 0.374148 0.495585 0.566630 0.592308 0.561195 0.518702 0.312170 -0.082347 0.345151 0.702547 0.880096 0.805985 0.715017 0.681101 0.744962 0.805291 0.638152 0.421029 0.392777 0.576992 0.672015 0.664032 0.607227 0.551570 0.327232 -0.255529 0.162720 0.581587 0.866599 0.941479 0.884242 0.765434 0.693071 0.746398 0.760246 0.560866 0.431144 0.532831 0.545634 0.559971 0.558815 0.534565 0.334375 -0.416857 -0.043597 0.406314 0.786320 0.867971 0.781388 0.462172 0.410881 0.711133 0.739011 0.491603 0.360479 0.447327 0.387916 0.402579 0.468898 0.491825 0.334887 -0.515881 -0.277757 0.105465 0.561934 0.840343 0.931592 0.666914 0.275864 0.703780 0.746306 0.734662 0.464075 0.374594 0.290074 0.306234 0.389020 0.447348 0.330052 -0.540577 -0.409749 -0.099692 0.391948 0.881967 1.051059 0.952478 0.808948 0.653138 0.615012 0.589332 0.389732 0.300580 0.249080 0.266302 0.337707 0.410809 0.319621 -0.478911 -0.309459 0.016142 0.556910 1.140489 1.351603 1.147921 0.833196 0.594150 0.522620 0.458352 0.354586 0.280111 0.217219 0.255105 0.321496 0.391387 0.303325 -0.371779 -0.119287 0.235644 0.784184 1.346325 1.553064 1.356934 0.996322 0.639164 0.517956 0.462932 0.344462 0.248787 0.214989 0.270672 0.324327 0.376715 0.278147 -0.259887 0.017774 0.337754 0.786900 1.211287 1.364284 1.208677 0.910081 0.606577 0.450163 0.417901 0.351134 0.288616 0.274522 0.304769 0.331769 0.353998 0.240781 -0.161875 0.100860 0.357299 0.676088 0.941538 1.030571 0.925004 0.717755 0.489874 0.361032 0.346363 0.339758 0.320360 0.317203 0.328851 0.325641 0.317862 0.196589 -0.093641 0.126056 0.320839 0.548448 0.723046 0.777573 0.703107 0.558107 0.395954 0.302148 0.289500 0.296231 0.300889 0.303336 0.299667 0.278411 0.256082 0.146924 -0.052618 0.119337 0.264633 0.434116 0.563083 0.602817 0.548048 0.446140 0.334445 0.265595 0.249831 0.255051 0.264890 0.264743 0.250166 0.221083 0.194692 0.104867 0.001991 0.064153 0.109866 0.164983 0.209406 0.230267 0.225410 0.207367 0.184143 0.164768 0.152255 0.144083 0.137087 0.124222 0.104973 0.082295 0.064534 0.027696 0.008599 0.012484 0.012359 0.013332 0.016199 0.023590 0.035497 0.050040 0.064529 0.073981 0.077183 0.076574 0.072678 0.064492 0.053110 0.040365 0.030688 0.012202 0.055635 0.076722 0.074522 0.081690 0.097525 0.119706 0.144716 0.165981 0.184243 0.210165 0.241436 0.263151 0.268744 0.254945 0.224721 0.183314 0.149229 0.069328 0.081386 0.115921 0.118559 0.144345 0.188147 0.233065 0.267590 0.277204 0.270591 0.289933 0.335370 0.366504 0.370612 0.351664 0.314491 0.261448 0.216801 0.104493 0.107588 0.187825 0.224436 0.281259 0.342014 0.398759 0.444378 0.458323 0.444185 0.442927 0.459274 0.465522 0.454645 0.430531 0.395667 0.341628 0.294172 0.151378 0.121977 0.304197 0.428186 0.523130 0.535113 0.497385 0.582721 0.648695 0.643069 0.642985 0.551898 0.462595 0.441185 0.424925 0.416686 0.387369 0.356724 0.202809 0.117381 0.423819 0.655612 0.759350 0.681577 0.437102 0.521581 0.594010 0.538961 0.537140 0.481357 0.339950 0.337030 0.362947 0.413447 0.421217 0.413179 0.256160 0.084188 0.502132 0.835048 0.950773 0.719457 0.268138 0.416460 0.552006 0.459752 0.158315 0.410350 0.344018 0.266270 0.273315 0.377446 0.454313 0.466073 0.305869 0.011894 0.481444 0.872097 1.018628 0.614421 0.337257 0.504004 0.579998 0.529095 -0.187965 0.086699 0.441897 0.287722 0.290610 0.371269 0.505903 0.525498 0.348635 -0.110187 0.304781 0.674988 0.805454 0.617991 0.428866 0.583150 1.128738 1.301118 -0.110713 -0.574621 0.477402 0.322164 0.642039 0.584272 0.612752 0.601205 0.380945 -0.270941 0.059601 0.428760 0.730182 1.095690 1.010127 0.640678 0.070435 0.775527 -0.347276 0.022260 0.098930 0.808758 0.953889 0.733055 0.668076 0.646104 0.403235 -0.459243 -0.164638 0.276296 0.877802 1.293425 1.275970 0.834423 0.056375 0.815225 0.342104 0.438826 -0.302295 0.392358 0.668143 0.560753 0.574214 0.612363 0.415899 -0.628900 -0.413079 0.004760 0.527170 0.563610 -0.131450 -0.259933 0.243771 0.214645 0.330887 -0.099057 -0.239713 0.237958 0.433806 0.353419 0.434921 0.543293 0.420402 -0.733763 -0.730208 -0.470796 0.025084 0.274213 0.212817 -0.258201 -0.870864 -0.125805 -0.455403 0.524214 -0.081157 0.234452 0.260740 0.193440 0.310426 0.481848 0.418201 -0.752266 -0.888930 -0.705837 -0.161549 0.529228 0.906152 0.650973 0.950934 -0.094251 0.338899 0.262534 0.162705 0.340339 0.108634 0.098326 0.251192 0.436366 0.408280 -0.662848 -0.672285 -0.397001 0.256462 1.092139 1.424589 1.067721 0.127786 0.198768 0.974516 0.902405 0.799391 0.196283 0.014515 0.083971 0.249989 0.421199 0.389847 -0.515137 -0.325552 0.061651 0.744930 1.487946 1.678483 1.393016 0.956033 0.573479 0.856924 0.770034 0.380791 0.073243 0.049658 0.169755 0.288670 0.418973 0.359031 -0.358496 -0.096293 0.266230 0.807249 1.339555 1.478710 1.223195 0.910995 0.641971 0.444086 0.396916 0.258468 0.178568 0.210896 0.277532 0.345154 0.413945 0.311635 -0.221293 0.037113 0.315995 0.667788 0.970456 1.076587 0.962973 0.738322 0.491694 0.309430 0.278147 0.274443 0.274428 0.318820 0.361427 0.379822 0.390209 0.254896 -0.128223 0.094311 0.303596 0.545798 0.733936 0.808400 0.753503 0.602438 0.411747 0.299528 0.284048 0.297130 0.320037 0.344519 0.356090 0.342001 0.322724 0.190826 -0.073595 0.104783 0.262841 0.448173 0.592264 0.643584 0.593833 0.484986 0.358027 0.280582 0.266403 0.280507 0.303971 0.315187 0.307124 0.277869 0.248500 0.136418 -0.000577 0.067914 0.119708 0.183657 0.237084 0.263575 0.260237 0.241802 0.217320 0.196538 0.183016 0.174784 0.168244 0.154584 0.132818 0.105527 0.083275 0.036064 0.006995 0.006331 0.003163 -0.000009 -0.000705 0.005657 0.019659 0.038944 0.059240 0.071620 0.074638 0.074352 0.071969 0.064926 0.053972 0.041236 0.031383 0.012461 0.054031 0.066957 0.061269 0.071300 0.096951 0.127494 0.155463 0.170123 0.176491 0.202360 0.245354 0.272772 0.275231 0.258882 0.228879 0.188052 0.154436 0.073192 0.078689 0.105079 0.108983 0.157021 0.240490 0.313555 0.352551 0.333073 0.278258 0.288380 0.364276 0.406338 0.392848 0.359845 0.319714 0.267114 0.223906 0.110756 0.099620 0.170889 0.210363 0.283627 0.375800 0.436417 0.461297 0.469817 0.399703 0.412218 0.500508 0.533335 0.508724 0.462253 0.409292 0.347451 0.302078 0.160662 0.101349 0.271304 0.388765 0.421488 0.355837 0.275876 0.350518 0.514024 0.388791 0.419190 0.543697 0.495927 0.539617 0.496024 0.446461 0.391465 0.362521 0.215003 0.075671 0.350755 0.556030 0.522812 0.527174 0.559276 0.545292 0.879488 0.719852 0.701353 0.530178 0.277356 0.512290 0.431540 0.420175 0.421710 0.420034 0.272913 0.011927 0.350601 0.655615 0.938994 1.053375 -0.304624 0.377008 0.840525 0.325563 0.509706 0.364500 -0.441744 0.122821 0.406784 0.366625 0.442787 0.481065 0.330403 -0.090395 0.228211 0.631542 1.330826 0.247953 -0.708262 -0.168427 -1.110242 -1.372161 -0.055951 0.119895 -0.208425 -0.262052 0.588562 0.388872 0.447209 0.539579 0.384856 -0.232055 -0.065078 0.127104 0.848716 0.427023 -0.806442 -0.539624 -0.108152 -0.365921 0.229921 -0.550651 -0.105107 -1.899112 0.566404 0.462101 0.509508 0.609944 0.433678 -0.392984 -0.432998 -0.383036 0.045618 0.052736 -0.455160 -0.276973 -0.140264 -0.814717 -0.466977 0.040955 -0.465210 -0.237858 1.043541 0.598193 0.550739 0.648633 0.470850 -0.552920 -0.710479 -0.571593 0.510529 -0.452280 -1.479777 -1.878957 -1.804848 -0.272690 -1.055106 -0.132725 -0.501661 0.842995 0.010207 0.146909 0.422147 0.586212 0.490035 -0.690396 -0.994431 -0.742605 0.637174 0.696331 -1.214506 -0.221077 -0.525395 -0.790866 -0.067147 0.236395 0.173573 0.441341 0.227357 -0.152957 0.262217 0.504240 0.496002 -0.784323 -1.316944 -1.334855 -0.692090 -1.371775 -0.476568 -0.243543 0.428491 0.292386 0.455069 0.096860 -0.063967 -0.626731 -1.031492 -0.479475 0.213848 0.469263 0.492807 -0.801527 -1.407897 -1.585800 -1.455860 -1.229361 0.435935 -0.956839 -0.816395 -0.023754 -0.371623 -0.323803 -0.408086 0.337083 -0.669674 -0.368940 0.152479 0.422247 0.478426 -0.707902 -0.994307 -0.939401 -0.364418 0.796319 1.344947 0.068473 -0.723131 -0.614160 0.197040 -0.096296 0.759492 -0.427109 -0.277775 -0.075408 0.121181 0.402018 0.453383 -0.550916 -0.444780 -0.114930 0.541557 1.285021 1.834408 0.845956 0.816837 -0.802957 0.315137 0.824557 0.395416 -0.430976 0.031567 0.035069 0.173380 0.410504 0.414457 -0.377675 -0.134729 0.222158 0.725935 1.215243 1.276004 0.901050 0.764742 0.815364 0.517954 0.625023 0.393724 0.149576 0.170062 0.184324 0.296652 0.428310 0.357398 -0.225501 0.012326 0.277506 0.586855 0.840575 0.893447 0.736429 0.594013 0.478938 0.306732 0.133779 0.095012 0.182510 0.278814 0.339714 0.390304 0.424097 0.290780 -0.127997 0.076157 0.271583 0.486072 0.649928 0.745070 0.732038 0.591598 0.373629 0.248000 0.142897 0.119695 0.242395 0.343359 0.377738 0.372138 0.358351 0.217191 -0.074093 0.089689 0.238873 0.416053 0.560512 0.632586 0.616190 0.518264 0.371307 0.283427 0.239429 0.241763 0.298706 0.332007 0.332518 0.306582 0.277881 0.155253 -0.003063 0.060839 0.111364 0.178357 0.239785 0.274914 0.278928 0.265485 0.242988 0.221666 0.205321 0.192629 0.181721 0.166049 0.144665 0.116685 0.092781 0.040673 0.005524 0.001248 -0.004108 -0.009864 -0.012346 -0.006063 0.009777 0.032422 0.056273 0.069056 0.069486 0.067556 0.065387 0.059057 0.048901 0.037136 0.028058 0.010905 0.054738 0.068131 0.063514 0.078631 0.112359 0.148988 0.178302 0.186581 0.181394 0.201242 0.244150 0.266997 0.260177 0.238973 0.210144 0.172924 0.142618 0.068422 0.080022 0.110266 0.119322 0.183564 0.289808 0.380131 0.426976 0.382083 0.288196 0.288056 0.377398 0.416024 0.381029 0.334222 0.293630 0.245730 0.207281 0.104419 0.099194 0.167089 0.201169 0.266872 0.348006 0.379605 0.582451 0.552978 0.196931 0.239103 0.445107 0.544179 0.514622 0.448716 0.387381 0.321196 0.280002 0.152592 0.094310 0.230307 0.299833 0.236707 0.150754 0.221849 0.618523 0.580852 -0.165585 -0.079101 0.596442 0.705815 0.715463 0.505479 0.420876 0.362903 0.336104 0.205569 0.056351 0.247528 0.357043 0.222637 0.424754 0.111630 0.051835 0.283025 0.704360 0.009396 0.535085 0.458192 0.503812 0.460144 0.339564 0.374536 0.390650 0.265284 -0.026269 0.163707 0.317585 0.059880 0.486033 -0.889572 -1.346102 -1.528689 -0.445622 -1.243350 -0.468165 -1.131809 -0.537108 0.202247 0.425595 0.379843 0.445883 0.330697 -0.143880 -0.032280 0.124966 -0.542848 -0.777704 -0.650302 -0.294925 -0.103762 -0.708652 -0.013497 -0.297324 -0.776470 0.895891 -0.281454 0.154388 0.342161 0.494030 0.397928 -0.287014 -0.359865 -0.366911 -0.124731 0.682030 0.535392 0.348723 0.582794 -0.249959 -0.189718 -0.272940 -0.285141 1.115412 -0.211092 -0.419010 0.365546 0.546781 0.463187 -0.426868 -0.711854 -0.903414 -1.051912 -0.752280 0.234552 -0.130169 0.224533 0.392735 0.158200 -0.312243 0.342473 -0.051145 0.387931 0.247974 0.358481 0.560218 0.513535 -0.534572 -0.999672 -1.818824 -2.034646 -1.086255 -1.109133 -0.780195 0.351692 0.972054 0.568174 -0.519784 -0.290151 -0.569271 -0.129916 0.205159 0.201874 0.482840 0.535602 -0.619226 -1.419655 -2.040065 -1.191983 0.810007 -0.634782 -0.598826 -0.278944 0.303967 1.064435 0.127395 0.437119 0.415073 1.848463 -0.838843 0.110227 0.435458 0.540036 -0.686003 -1.609325 -2.002610 -0.679366 -0.971139 -0.505188 0.753565 -0.074171 -0.676596 0.672027 -0.810767 0.409869 -0.542732 0.334476 -0.977997 0.198393 0.442196 0.533057 -0.697991 -1.548612 -1.834817 -2.381218 -0.903599 -0.498240 0.060468 0.879199 0.052366 -0.566064 0.016184 -0.435654 1.087679 1.068174 -0.658752 0.163808 0.414347 0.512770 -0.614660 -1.030843 -1.508071 -1.743844 1.014879 0.333467 -0.648529 0.317357 0.127344 0.278188 -0.131560 -0.490406 1.909914 -0.183873 -0.457164 0.101736 0.381752 0.481091 -0.473880 -0.400404 -0.159044 0.674778 0.911450 1.005716 -0.952624 0.421018 -0.669807 -0.666053 0.209656 0.166931 0.428923 0.248837 0.032893 0.144542 0.395696 0.436330 -0.313762 -0.086052 0.230654 0.671039 1.027228 0.879234 0.878461 0.054787 -0.755743 -0.265854 0.255462 0.489070 -0.050574 0.130891 0.150967 0.261082 0.425913 0.373881 -0.174577 0.030510 0.253499 0.486583 0.632793 0.618935 0.751462 0.472722 0.017064 0.326765 0.263294 0.063674 0.190366 0.298703 0.328744 0.389325 0.431522 0.302509 -0.093899 0.072997 0.231529 0.398133 0.519951 0.604781 0.570767 0.497433 0.294384 0.141183 0.035784 -0.027874 0.151675 0.317933 0.374635 0.376946 0.366287 0.225148 -0.054603 0.075185 0.195693 0.345701 0.480014 0.569719 0.572214 0.511714 0.359427 0.260611 0.193975 0.150108 0.245846 0.315538 0.329689 0.309347 0.283307 0.160603 -0.005355 0.043488 0.085192 0.147195 0.211926 0.257006 0.274833 0.273408 0.257209 0.236650 0.216100 0.195284 0.177462 0.159679 0.140819 0.115437 0.092664 0.041322 0.004223 -0.002068 -0.008009 -0.013161 -0.013681 -0.005686 0.010967 0.033350 0.055646 0.065143 0.061248 0.056107 0.052518 0.046108 0.036937 0.027173 0.020033 0.007309 0.057187 0.079136 0.077906 0.090889 0.116271 0.146379 0.173337 0.183451 0.180561 0.191983 0.216432 0.223500 0.208285 0.186356 0.163167 0.134535 0.111081 0.053642 0.084686 0.127329 0.136707 0.180199 0.247178 0.314216 0.361408 0.328960 0.254207 0.254385 0.308749 0.322818 0.292287 0.255387 0.227391 0.193198 0.163703 0.083420 0.106205 0.168034 0.173493 0.164808 0.121794 0.153919 0.521950 0.507771 0.214346 0.205282 0.136197 0.262093 0.289210 0.321612 0.307999 0.256573 0.224426 0.124642 0.102777 0.168494 0.132675 -0.088439 -0.474137 -0.563740 0.561504 0.770844 0.361344 0.099583 0.166996 0.436337 0.456966 0.359218 0.333407 0.292069 0.274200 0.172305 0.065853 0.114207 0.049557 -0.361427 -0.913542 -1.742853 -0.473261 -0.098186 0.409268 -0.478795 0.645387 0.809229 -0.020503 0.430420 0.327579 0.294860 0.320625 0.231327 -0.015875 -0.013319 -0.073954 -0.815540 -1.069452 -1.808576 -1.335087 -1.051102 0.288536 -1.091741 0.520116 1.291914 0.991593 0.342706 0.298378 0.289543 0.364156 0.304453 -0.125306 -0.201313 -0.269463 -1.098234 -0.957110 -1.278180 -0.970898 0.280271 1.385281 0.355372 -0.083916 0.112943 0.821735 -0.095711 -0.263010 0.214296 0.405987 0.382314 -0.245474 -0.428534 -0.353713 -0.663584 -0.508726 -0.490702 0.913893 0.285791 0.387747 -0.185609 -0.362320 -0.509536 -0.701550 0.591860 -0.269131 0.181942 0.423196 0.455183 -0.344286 -0.627165 -0.371898 -0.263776 0.696095 1.187832 -0.082993 0.107070 0.104990 0.097532 0.324677 0.099887 -0.759279 0.117880 -0.283924 0.100787 0.411737 0.508759 -0.389583 -0.818315 -1.288079 -0.361334 0.096269 -0.102097 0.570870 0.068273 0.472685 0.528306 0.559855 0.217825 -1.071852 0.441385 1.009640 0.010886 0.329210 0.525101 -0.410950 -0.892842 -0.832827 -0.251348 -0.450910 -0.860557 0.302790 0.235355 -0.333684 0.484113 0.563309 0.404733 -0.361973 -0.009408 0.718660 0.167156 0.311951 0.521019 -0.434881 -0.857656 -1.395838 -0.761195 -0.430179 -0.983802 -0.083853 -0.538626 -0.641343 0.014505 -0.468043 -0.343164 -0.777417 -0.150107 0.084103 0.188811 0.360619 0.507839 -0.431454 -0.842949 -0.845793 -0.752735 0.460093 -0.586179 -0.357845 0.288697 -0.173825 -0.201793 -0.509333 -0.568808 -1.030608 0.804690 0.512263 0.088232 0.382747 0.484202 -0.366755 -0.495423 -0.738774 -1.049314 1.037875 0.212242 0.382206 0.103874 -0.109512 0.357294 0.884569 -0.237731 0.317951 0.903952 0.015153 0.225347 0.388338 0.452159 -0.265740 -0.104951 0.276817 1.134362 0.037403 -1.730252 -0.600116 -0.206042 0.171097 -0.087406 0.777249 0.576930 0.693209 0.790714 0.170955 0.271503 0.418956 0.409381 -0.153793 0.072690 0.347698 0.705032 0.604757 -0.679720 0.608636 -0.948352 0.077013 0.606706 -0.252333 0.164706 0.112909 0.323234 0.457298 0.369849 0.433099 0.350143 -0.062644 0.097624 0.255887 0.433752 0.416352 0.336719 1.164678 0.843603 0.240879 -0.352522 0.409947 0.124045 0.189632 0.433502 0.485671 0.419475 0.415649 0.282744 -0.023309 0.085333 0.184706 0.302041 0.371027 0.452047 0.458628 0.431817 0.256313 0.043906 0.079063 -0.065483 -0.076234 0.227073 0.360265 0.355756 0.342412 0.209612 -0.013540 0.060787 0.131212 0.236045 0.350886 0.443135 0.460302 0.469409 0.363833 0.266180 0.214010 0.082705 0.075906 0.235552 0.296850 0.281847 0.259621 0.148673 -0.007295 0.014936 0.038906 0.084242 0.142744 0.196834 0.235829 0.255461 0.252638 0.235278 0.208370 0.176894 0.150552 0.132709 0.118562 0.099064 0.080659 0.036998 0.003417 -0.003159 -0.008510 -0.011438 -0.008529 0.001921 0.018977 0.038976 0.056446 0.060362 0.051149 0.041706 0.035409 0.028407 0.020600 0.013697 0.009301 0.002675 0.059692 0.095649 0.100448 0.109347 0.118216 0.129686 0.142331 0.152532 0.158967 0.162892 0.162297 0.150255 0.128744 0.109715 0.096015 0.080340 0.067173 0.033497 0.089320 0.151259 0.162144 0.172099 0.172728 0.174521 0.175461 0.165416 0.151888 0.167159 0.174129 0.179266 0.161789 0.137427 0.130437 0.117724 0.102494 0.054662 0.112921 0.184898 0.174128 0.100045 -0.008701 -0.011710 -0.016955 0.023665 0.046966 0.109672 0.014360 0.112535 0.109985 0.153142 0.178562 0.160142 0.145852 0.086452 0.110306 0.146536 0.055577 -0.209556 -0.481519 -0.272656 0.329835 0.262917 0.279610 0.031865 0.853720 0.760817 0.094016 0.196364 0.212377 0.186442 0.186393 0.127349 0.076468 0.055393 -0.109078 -0.553104 -1.110072 -0.685212 0.569124 1.119864 -0.758274 -1.146092 1.320593 0.510248 -0.280377 0.458062 0.268284 0.193262 0.229975 0.182786 0.003473 -0.074441 -0.244212 -0.781847 -1.362994 -1.218813 -0.441071 0.757927 -0.926162 -1.158471 -0.175482 -1.449544 -0.402727 0.081114 0.127896 0.211552 0.283105 0.256842 -0.086084 -0.221516 -0.363084 -0.687550 -1.046078 -1.049404 -0.706195 -0.822380 -1.432438 -0.394409 -0.424663 -0.774798 -0.803040 -0.010474 0.446069 0.125045 0.294324 0.334109 -0.169816 -0.363368 -0.397830 -0.412842 -0.225065 -0.622665 -0.918442 -0.825802 -1.214710 -1.296212 -0.684079 -0.351337 -1.465971 -0.897322 0.136893 0.068593 0.326675 0.402098 -0.216773 -0.477715 -0.343455 -0.385863 1.295935 0.146528 -1.985015 -0.741890 -0.097415 -0.109642 0.234791 0.329811 -0.308075 -0.806359 -0.252071 0.205778 0.311360 0.446136 -0.195957 -0.543987 -0.498376 -0.212977 0.493772 0.046711 -0.189821 0.185174 -0.209704 0.252281 0.631353 0.285854 -0.081243 -0.742849 -0.157841 0.233320 0.254746 0.454634 -0.151525 -0.455825 -0.513579 -0.128916 0.549809 -0.081080 -0.434546 1.650441 -0.285426 0.083747 1.011405 0.445092 0.151826 -0.627531 0.012841 0.279157 0.240412 0.443400 -0.128026 -0.317368 -1.260887 -1.122946 1.291879 0.688309 -0.018597 0.972406 -0.328491 -0.353599 -0.023159 0.388615 0.192262 -0.031951 0.172561 0.212484 0.275590 0.428199 -0.104857 -0.298330 -0.539707 -0.554408 -0.017904 0.227284 0.250575 0.582144 0.147416 -0.030893 -0.092895 0.191087 -0.509324 -0.179226 0.666728 0.023002 0.313500 0.408297 -0.059404 0.013238 0.758750 0.379284 -0.060449 0.498365 -0.060219 0.135856 -0.023520 -0.033369 -0.129711 -0.530437 -1.076054 1.001570 1.084262 0.233046 0.371134 0.382971 -0.004479 0.217894 0.758751 1.138234 0.406486 -0.049096 -0.307602 0.139977 0.398114 -0.012806 -0.184782 -0.431188 0.298668 1.134056 0.539779 0.380637 0.417070 0.348171 0.048068 0.239368 0.448121 0.694304 0.151524 0.199073 -1.034488 -1.510956 -0.013312 0.078326 -0.367630 0.784678 0.388117 0.334112 0.555732 0.422506 0.412221 0.297120 0.078787 0.166640 0.228007 0.277812 0.147961 0.366127 0.025290 -0.719669 0.277268 0.059358 -0.642045 -0.224813 0.086754 0.395820 0.499835 0.385024 0.368039 0.238247 0.065953 0.096506 0.110765 0.137706 0.119201 0.192483 0.397980 0.266518 0.159344 0.082174 -0.041273 -0.049419 -0.142057 0.155790 0.303075 0.303788 0.290611 0.175200 0.038444 0.043313 0.045998 0.074701 0.134777 0.236286 0.344061 0.352093 0.270369 0.222051 0.172123 0.094882 0.026092 0.191075 0.246117 0.232188 0.213679 0.123086 -0.008909 -0.019149 -0.018462 -0.000820 0.037785 0.091613 0.150285 0.193575 0.212677 0.206603 0.178808 0.144775 0.114624 0.097419 0.087274 0.073971 0.061113 0.029063 0.003423 -0.001577 -0.005584 -0.006237 -0.000721 0.011874 0.029519 0.046493 0.057686 0.055103 0.040311 0.025947 0.016001 0.008188 0.002331 -0.001009 -0.002199 -0.002018 0.060508 0.113297 0.127120 0.135291 0.127750 0.108949 0.087041 0.085577 0.101477 0.102095 0.081587 0.054912 0.030373 0.017362 0.016413 0.017512 0.018006 0.012518 0.090479 0.176981 0.196614 0.184450 0.123133 0.031845 -0.062812 -0.087053 -0.039652 0.006489 0.020712 0.022709 0.007962 -0.006384 0.011710 0.027105 0.032633 0.024874 0.111501 0.228756 0.249811 0.189677 0.009255 -0.170165 -0.393868 -0.618632 -0.337083 0.050130 0.098309 0.177104 0.154108 -0.046798 0.001747 0.037908 0.054315 0.047422 0.100333 0.224954 0.237335 0.092839 -0.441897 -0.309929 0.388475 -0.594883 -0.684447 0.354595 0.542933 0.721612 0.209312 -0.225218 -0.081538 0.039000 0.081484 0.082517 0.060385 0.175715 0.185044 0.002352 -0.478750 -0.084801 0.160164 -0.111359 -0.283947 -0.548346 0.417147 1.465307 0.582121 0.104086 -0.101122 0.044464 0.123319 0.130897 -0.007906 0.085228 0.112428 -0.060878 -0.727451 -0.449476 -1.315537 -0.745559 -0.466757 -0.205360 0.272689 -0.229398 0.016461 0.173664 0.096708 0.108940 0.186710 0.192558 -0.077675 -0.035117 -0.009083 -0.222501 -0.877534 -0.166099 -0.496294 0.461175 0.405649 0.593659 -0.146817 -0.479754 0.142050 0.392857 0.490933 0.134384 0.238676 0.251537 -0.122276 -0.175582 -0.200419 -0.139165 0.329164 -0.013611 -0.800920 0.091078 -0.442627 -0.350313 0.399287 0.058141 0.353452 -0.067270 0.121099 0.332715 0.308601 0.293463 -0.113900 -0.292073 -0.433367 -0.159878 0.475353 0.191209 -0.756114 -0.133069 0.770937 0.770308 0.451969 0.205098 0.772476 -0.296918 -0.360757 0.538579 0.363397 0.316731 -0.024599 -0.312482 -0.481139 -0.157306 -0.620643 -0.182497 0.061045 -0.340486 -0.031358 0.420808 0.272525 -0.075810 0.515030 0.284295 -0.416432 0.263298 0.346320 0.320030 0.083182 -0.201344 -0.468572 -0.743656 -0.834047 0.912085 1.365221 0.292298 -0.486925 0.218204 0.142834 -0.182271 0.324718 0.556084 -0.024337 0.276970 0.342960 0.313878 0.146526 0.078039 0.513668 0.234549 -0.086138 0.236415 0.263893 0.297057 -0.265457 -0.005792 0.091386 0.528139 0.279531 0.267705 -0.302027 0.144951 0.320245 0.309308 0.183161 0.071926 -0.202126 -0.323836 0.279785 0.190454 -0.206509 0.077763 -0.042859 0.098808 0.116860 0.322155 0.065250 -0.061868 0.459749 0.666999 0.312971 0.303053 0.213413 0.252472 -0.248060 -0.790910 -0.686421 0.760188 -0.158936 -0.050973 -0.067529 0.115390 0.036283 0.108949 0.550104 0.264328 -0.167065 0.209317 0.316904 0.290838 0.232686 0.385468 0.528973 0.876621 0.636015 0.346899 0.149223 0.104800 -0.159043 -0.107954 0.256532 0.292802 -0.610962 -0.615121 0.146680 0.287339 0.315144 0.266695 0.238394 0.313868 0.367225 0.412591 0.096371 0.417227 1.482925 0.051370 -0.172589 -0.046834 -0.470953 -0.069110 -0.603051 0.029751 0.341681 0.307697 0.305513 0.224702 0.218664 0.192577 0.113482 -0.035869 -0.203254 0.147540 0.440176 -0.271971 0.383180 0.744034 -0.061624 0.176721 0.170351 0.227159 0.325909 0.296232 0.276625 0.175328 0.156322 0.089867 -0.010679 -0.149313 -0.245827 -0.092441 0.204846 0.154357 0.075403 0.125983 0.075093 0.066679 -0.077683 0.103721 0.223330 0.232060 0.214274 0.126224 0.090846 0.019465 -0.059742 -0.151318 -0.202303 -0.091727 0.100027 0.137791 0.133049 0.169277 0.152347 0.105790 0.026081 0.148186 0.183214 0.168162 0.151935 0.087246 -0.010219 -0.053207 -0.078065 -0.098602 -0.097781 -0.061640 0.003505 0.068977 0.121580 0.141238 0.126197 0.101763 0.078478 0.064317 0.055852 0.046391 0.038236 0.018821 0.003981 0.002228 0.000382 0.002128 0.009263 0.022451 0.038954 0.051588 0.055848 0.046755 0.026832 0.007891 -0.005532 -0.013716 -0.016904 -0.016024 -0.013579 -0.006293 0.058792 0.127424 0.151710 0.164948 0.150063 0.107498 0.052080 0.031688 0.044771 0.037140 0.000252 -0.038703 -0.067266 -0.075509 -0.064295 -0.046084 -0.030993 -0.007352 0.087221 0.195763 0.227956 0.212039 0.118469 -0.042227 -0.232469 -0.288185 -0.206955 -0.145476 -0.122873 -0.133169 -0.152551 -0.144660 -0.104432 -0.063109 -0.036420 -0.003395 0.103643 0.265639 0.329728 0.321239 0.115521 -0.218092 -0.717056 -0.979356 -0.492887 -0.131838 0.148584 0.077844 -0.104624 -0.241731 -0.161253 -0.079843 -0.034009 0.010417 0.082634 0.304926 0.447024 0.499849 -0.230496 -0.807862 -0.141917 -0.261059 -1.028974 -0.611484 0.053969 0.678150 -0.016870 -0.472897 -0.274144 -0.091192 -0.014867 0.040200 0.038638 0.312801 0.510840 0.618656 0.529775 0.216083 0.137864 0.698635 1.233021 0.247766 -1.159894 0.404977 0.568742 -0.281440 -0.303013 -0.053056 0.032867 0.081436 -0.016760 0.281889 0.457085 0.416507 0.535365 1.010291 -0.103117 -0.011626 1.289624 0.602094 -0.109932 -0.060886 0.305346 0.109447 0.050192 0.091945 0.123080 0.129743 -0.055664 0.208158 0.302904 -0.323628 -0.065211 0.963136 -0.951175 0.092625 0.053660 0.106827 -0.031099 -0.110069 0.352398 -0.489673 -0.117259 0.193898 0.219023 0.169355 -0.050562 0.058706 -0.079916 -0.938205 -0.449741 0.264906 -1.007995 0.437394 0.880614 0.348048 -0.295477 -0.834005 0.488701 0.199072 -0.153862 0.306995 0.284735 0.183909 0.013571 -0.181975 -0.920121 0.006384 0.562250 0.625267 0.733130 0.429305 -0.073282 0.238993 -1.119604 -1.278809 0.256951 -0.151531 -0.344409 0.400914 0.351562 0.185609 0.155330 -0.125301 -0.928930 0.218827 0.966459 0.134105 -0.001271 0.061426 -0.038866 -0.403809 -1.767472 -1.433388 -0.069656 -0.244853 -0.798830 0.584607 0.426832 0.183022 0.305109 0.022860 -0.789231 -1.133410 -1.099364 0.299420 -0.344355 -0.684345 0.212580 -0.874664 -2.178657 -1.592977 -0.383440 0.251788 -0.851067 0.213849 0.460480 0.180281 0.392023 0.380287 0.358389 -0.058496 -1.564504 -0.835666 -0.789920 -0.579175 0.154070 -0.164658 -0.670650 -0.715609 -0.429959 0.680446 -0.411238 0.225360 0.421934 0.183891 0.434816 0.703673 0.771950 -0.332680 -0.022026 -0.348988 -0.832969 -0.494233 -0.032895 0.178204 -0.230684 -0.527222 -0.249262 0.427363 0.181861 0.764064 0.345239 0.188352 0.452646 0.638574 0.346600 -0.062963 0.079999 0.109689 0.281050 -0.016844 -0.019961 0.123842 0.014396 0.135470 0.288442 -0.137473 0.174202 0.159891 0.240214 0.186550 0.444552 0.512714 0.484610 0.912298 1.129004 -0.528979 0.530252 -0.137292 -0.224934 -0.229277 0.377160 0.553368 -1.001600 -1.383201 0.346662 0.125393 0.173354 0.171517 0.409469 0.366641 0.250400 -0.009924 -0.261690 -1.914613 0.966671 0.632444 -0.236709 -0.678223 -0.186148 -0.628100 -0.423556 0.033137 0.143945 0.133985 0.162429 0.138592 0.344141 0.208809 -0.010406 -0.372337 -0.758712 -0.779737 -0.104765 -0.053419 -0.290996 -0.103725 0.611257 0.683989 0.282868 0.089652 0.099719 0.180398 0.162111 0.100494 0.237177 0.079861 -0.130019 -0.436061 -0.697601 -0.546018 -0.276340 -0.214752 -0.033593 0.022231 0.151271 0.112660 0.060418 0.101574 0.145860 0.147331 0.124506 0.068324 0.137571 -0.004445 -0.160322 -0.368618 -0.537421 -0.471773 -0.259698 -0.146537 0.021662 0.118962 0.124386 0.076974 0.063228 0.116988 0.115012 0.095896 0.081003 0.045301 -0.011255 -0.084651 -0.133464 -0.190224 -0.225965 -0.209560 -0.142139 -0.057301 0.025873 0.070139 0.070529 0.057240 0.043507 0.032560 0.023916 0.017397 0.013687 0.007464 0.004828 0.007802 0.009001 0.013338 0.020941 0.031927 0.043635 0.049942 0.047410 0.032707 0.008808 -0.013403 -0.029018 -0.036468 -0.036142 -0.030428 -0.023954 -0.009677 0.053693 0.133361 0.167990 0.194530 0.190323 0.148636 0.082038 0.039951 0.025514 -0.004439 -0.055773 -0.106791 -0.144619 -0.153704 -0.134766 -0.102583 -0.074402 -0.024175 0.078595 0.198854 0.243987 0.249661 0.178707 0.027840 -0.175635 -0.266538 -0.234506 -0.209726 -0.207126 -0.224181 -0.251502 -0.240954 -0.193630 -0.137371 -0.095212 -0.027606 0.091031 0.261555 0.343039 0.394298 0.334872 0.163947 -0.297808 -0.504862 -0.374619 -0.393842 -0.191319 -0.170040 -0.338039 -0.343364 -0.259094 -0.162957 -0.102953 -0.021706 0.066972 0.287611 0.453944 0.690360 0.712471 0.490186 0.115148 0.187914 -0.073423 -0.905477 -0.172480 0.348043 -0.374707 -0.441996 -0.298192 -0.153461 -0.076936 0.002773 0.032254 0.304132 0.475949 0.796255 1.275782 0.770085 0.334905 0.557783 0.803734 0.136858 -0.197605 -0.465730 -0.170747 -0.487810 -0.277570 -0.076428 -0.016221 0.040057 0.010164 0.330886 0.235773 0.144621 0.562799 0.212450 0.516484 0.571301 0.100411 0.520751 -0.054852 -0.175756 -0.830977 -0.091480 -0.014342 0.063617 0.086791 0.085359 0.024377 0.364722 0.146288 -0.764282 0.484907 1.888381 0.869276 0.710365 -1.257097 -0.364525 0.358527 0.491007 -1.005596 -0.164367 0.275562 0.202100 0.184083 0.121364 0.098044 0.369125 0.354423 -0.566051 0.020742 0.847006 0.758865 1.327720 -0.196692 -0.235295 -0.173389 0.110972 1.653618 -0.049499 -0.016713 0.282849 0.216698 0.129456 0.219221 0.341412 0.404047 -0.698214 -0.115981 0.907830 0.085790 0.441916 0.266235 0.044365 -0.712048 -0.606402 0.840865 -0.654612 0.401873 0.431603 0.223635 0.120525 0.378929 0.389054 0.053260 -0.133133 0.055638 -0.155790 -0.450550 -0.006346 0.230058 -0.654050 -1.269632 -1.046118 0.589240 -0.371519 0.194728 0.793595 0.258293 0.104567 0.525883 0.515250 -0.270165 -0.426789 -0.782303 0.566871 -0.977975 -0.550857 -0.060513 -0.847765 -1.112090 -1.207053 0.324196 -0.155458 -1.694782 0.536582 0.292819 0.088804 0.609249 0.975471 0.799161 0.683486 0.473164 0.961791 -0.973369 -0.795316 -0.096670 -0.464936 -0.290457 -0.426112 0.416546 0.744606 -0.592016 0.559451 0.213705 0.080063 0.647240 1.128643 0.209898 -0.720016 1.164247 0.766410 -0.785523 -0.386236 -0.211360 -0.043277 0.017099 0.071082 0.538762 0.212735 0.392760 0.316556 0.116299 0.077580 0.656626 0.936138 0.251870 -0.347445 0.527601 -0.254195 -0.826253 -0.602914 -0.269640 0.396078 0.039439 0.851914 1.040019 -0.962941 0.580152 0.011121 0.047239 0.076080 0.628951 0.712854 0.693387 0.236670 -0.302912 -0.382437 -0.634085 -1.259660 -0.433944 -0.510575 -0.628409 -0.332909 -0.770078 -0.261289 0.405474 -0.034400 0.008492 0.066701 0.553560 0.467487 0.267714 -0.263494 -0.817170 -1.987239 -0.998982 -0.078787 0.254592 -0.636131 0.378823 -0.707017 -0.343548 0.254011 0.064657 0.002469 0.027546 0.044171 0.442363 0.247363 -0.057256 -0.536484 -0.941528 -1.177527 -1.052422 -0.392106 -0.025733 -0.888227 -0.094300 0.549640 0.269528 0.112922 0.079145 0.070578 0.048060 0.020247 0.297882 0.080883 -0.197433 -0.595578 -0.946044 -0.884273 -0.645853 -0.479389 -0.151231 -0.112617 -0.005689 0.094905 0.246637 0.174941 0.113890 0.062367 0.032380 0.007127 0.172513 -0.022106 -0.230053 -0.503692 -0.734605 -0.717523 -0.461451 -0.306277 -0.104142 0.025897 0.058518 0.063848 0.131202 0.115173 0.054101 0.021514 0.007484 0.001389 -0.012047 -0.110895 -0.178214 -0.256797 -0.308779 -0.296456 -0.218882 -0.121739 -0.029389 0.023842 0.031982 0.023328 0.011749 -0.000007 -0.009047 -0.011948 -0.010879 -0.003817 0.005095 0.011817 0.015471 0.021404 0.028215 0.035362 0.040707 0.040367 0.032191 0.013912 -0.011454 -0.034392 -0.050047 -0.055560 -0.051513 -0.041419 -0.031508 -0.011792 0.043987 0.124854 0.165233 0.203121 0.213570 0.183804 0.120492 0.062386 0.017001 -0.035901 -0.097354 -0.156545 -0.201898 -0.212317 -0.188041 -0.145292 -0.106830 -0.036082 0.063068 0.180154 0.232684 0.263591 0.233842 0.125228 -0.039286 -0.151086 -0.192635 -0.215297 -0.236146 -0.268772 -0.304972 -0.301730 -0.255733 -0.191654 -0.138723 -0.045129 0.070486 0.218778 0.295246 0.378491 0.423847 0.336744 0.008677 -0.249500 -0.384674 -0.441574 -0.377912 -0.372112 -0.406014 -0.402314 -0.317511 -0.219093 -0.152825 -0.045754 0.046026 0.199343 0.320259 0.573252 0.818077 0.758423 0.490161 -0.088270 -0.532921 -0.822553 -0.314419 -0.354996 -0.431301 -0.458675 -0.314133 -0.188037 -0.119261 -0.026748 0.022403 0.180043 0.310332 0.637426 0.461813 0.161638 0.430308 0.931180 0.772763 0.714810 1.069507 -0.311252 -0.187809 -0.473801 -0.219982 -0.095677 -0.050614 0.007173 0.030293 0.212055 0.203996 0.706115 0.914211 0.720267 0.445742 0.661640 0.093930 0.595315 0.432003 0.306000 0.231570 -0.182815 -0.093168 0.034365 0.048195 0.052675 0.090914 0.336903 0.551867 0.824775 0.700584 0.709375 -0.159387 -1.502087 -0.810853 -0.053210 0.093422 0.330828 -0.275987 1.360161 0.239343 0.135273 0.129311 0.091275 0.225482 0.657106 1.664011 0.819042 -0.270556 -0.817235 -0.315087 -0.497280 -0.605001 0.172992 -0.034442 0.692693 -0.783488 -0.154076 -0.156564 0.089347 0.119031 0.102617 0.397897 0.906415 2.281701 1.323195 1.256913 0.187389 -1.212777 -0.366025 -0.130505 0.549282 -0.175417 0.533400 0.879599 -0.427308 -0.065781 -0.029814 0.023388 0.090482 0.570902 0.873581 1.099428 0.521857 -1.196451 -1.280200 0.755029 0.110586 -0.923172 -0.032162 0.085128 0.257209 0.189772 0.434301 -0.177575 -0.093233 -0.050963 0.061840 0.713218 1.109393 0.747942 -0.175146 -0.517575 -0.507760 0.253395 0.002012 -0.957567 0.066648 0.625105 -0.376404 0.367960 0.055886 -0.533790 -0.027511 -0.095640 0.029606 0.793520 1.590031 2.283664 0.417017 -1.145341 -1.462318 -1.208708 -0.760230 -0.483543 -0.154987 0.184654 -0.385801 0.823164 1.180025 -0.325510 -0.137001 -0.154526 0.004970 0.824502 1.679027 1.833246 0.684141 0.435480 -0.165364 -0.638913 -0.864806 -0.539163 -0.479040 -0.824792 -0.013413 -0.068559 -0.606701 0.356201 -0.197522 -0.171931 -0.011015 0.818509 1.383727 1.426556 1.482882 -0.293886 0.359969 -0.440058 0.048768 -0.493326 0.138816 -1.036936 0.679822 -0.497554 -0.293969 0.904062 -0.206443 -0.164659 -0.019176 0.763808 0.922639 0.905939 0.267118 -1.395982 0.259379 -0.423807 0.289798 -0.171598 -0.069230 -0.174524 -0.148756 0.189480 0.769209 0.154027 -0.169621 -0.128956 -0.026303 0.647874 0.544121 0.281335 -0.291905 -0.963439 -1.410473 -0.810221 -0.158439 -0.140483 -0.202712 0.229521 -0.363728 0.803645 0.344587 0.031323 -0.077532 -0.085601 -0.039620 0.497270 0.271499 -0.073958 -0.589716 -0.994465 -1.237412 -1.201052 -0.688283 0.149936 -0.388386 -0.275180 -0.033741 0.142170 0.218707 0.094191 -0.012477 -0.052799 -0.049303 0.328332 0.077179 -0.232330 -0.655586 -1.034907 -1.139769 -1.069576 -0.733332 -0.268712 -0.110248 -0.021388 -0.039819 0.181794 0.185407 0.052923 -0.016715 -0.050123 -0.045094 0.189878 -0.037284 -0.272465 -0.568433 -0.814708 -0.870996 -0.701051 -0.451324 -0.175188 -0.019633 0.021141 0.012004 0.067462 0.041782 -0.017193 -0.046721 -0.057072 -0.035685 -0.012370 -0.127439 -0.206027 -0.295013 -0.351603 -0.338254 -0.255728 -0.153836 -0.061491 -0.007425 0.003706 -0.004564 -0.019274 -0.032350 -0.038841 -0.037008 -0.031203 -0.012863 0.003906 0.010924 0.014953 0.020290 0.024937 0.027768 0.027277 0.021653 0.010015 -0.008647 -0.031583 -0.051445 -0.064109 -0.066378 -0.059061 -0.046125 -0.034374 -0.012242 0.028410 0.095499 0.132499 0.169518 0.184505 0.164100 0.110759 0.050828 -0.007571 -0.070482 -0.135210 -0.194911 -0.238971 -0.246073 -0.216830 -0.167263 -0.122696 -0.041137 0.039058 0.133354 0.181727 0.219668 0.213921 0.144059 0.024417 -0.079317 -0.148186 -0.199579 -0.241768 -0.289251 -0.333410 -0.334591 -0.290135 -0.221582 -0.161675 -0.053249 0.038773 0.139363 0.191538 0.255851 0.300059 0.240192 0.027406 -0.176058 -0.326350 -0.411057 -0.391007 -0.398469 -0.437956 -0.425444 -0.349658 -0.255475 -0.183632 -0.058438 0.012457 0.066316 0.104619 0.259342 0.548116 0.563557 0.168333 -0.021696 -0.378382 -0.717229 -0.527774 -0.435965 -0.443079 -0.458989 -0.346302 -0.226236 -0.155992 -0.045259 -0.009727 -0.029683 -0.033243 0.166860 0.194918 0.128506 -0.020373 0.787765 0.221703 -0.150653 -0.209901 -0.490306 -0.381737 -0.377433 -0.264552 -0.152372 -0.094137 -0.016711 0.001089 -0.097066 -0.188176 -0.250075 -1.155527 -0.711232 0.194439 0.066612 -0.352671 -0.406788 -0.189669 -0.004899 -0.047836 -0.249874 -0.121835 -0.039071 -0.007484 0.025746 0.072238 -0.035662 -0.071282 -0.300243 -1.724161 -0.156708 0.188724 0.210273 0.818557 0.027250 -0.495091 -1.349333 0.339186 0.221959 -0.018580 0.037307 0.055296 0.063492 0.231082 0.295157 0.533341 -0.467321 -1.103460 -0.297294 -0.845931 0.756312 -0.038900 -0.481913 0.427445 -0.603438 0.341428 0.320352 -0.083082 -0.016968 0.041338 0.077904 0.437633 0.639061 1.182205 0.534640 -0.801074 0.486536 -0.478576 -0.206763 0.681281 -0.306538 -0.605595 0.189763 0.778719 -0.134666 -0.244576 -0.145272 -0.040203 0.069470 0.651357 0.883736 1.330650 0.955341 -0.963546 -0.066190 1.340167 -0.240515 0.237954 -0.304119 -0.202997 0.132239 -0.424592 0.749980 -0.107590 -0.256282 -0.121583 0.040258 0.831758 1.230819 1.116309 0.119854 0.463052 0.509160 0.890170 0.843406 -0.602596 0.029104 -0.325017 -0.337317 0.390733 -0.701034 -0.274239 -0.343673 -0.199798 0.002810 0.937903 1.636829 2.010886 1.585730 2.136843 0.706933 0.369950 0.764140 -0.621945 0.071811 0.015946 -0.026086 0.029812 -0.189584 -0.317932 -0.433595 -0.258544 -0.031583 0.970158 1.790712 2.289025 1.948286 1.341884 -1.083171 1.620065 -0.132492 0.139717 -0.589827 0.259651 0.300329 -0.162985 -0.018279 0.026196 -0.344404 -0.256982 -0.058433 0.928893 1.444075 1.617333 0.981217 -0.822084 -0.852679 0.282666 0.650348 1.076734 0.113566 0.964436 0.526576 -0.061614 -0.220014 -0.083265 -0.249485 -0.224126 -0.075776 0.825001 0.915236 0.752158 0.082025 -0.962570 -0.376738 -0.502403 -0.002584 0.072548 0.484713 0.077747 -0.173498 -0.645475 -0.027717 -0.070310 -0.186328 -0.188167 -0.086634 0.668577 0.521333 0.200096 -0.349172 -0.869841 -0.940658 -0.723028 -0.878595 -0.830883 -0.528988 -0.562105 -0.018039 0.527941 0.233810 0.112959 -0.108619 -0.155187 -0.093461 0.492071 0.242686 -0.112433 -0.603895 -1.012742 -1.175550 -1.041867 -0.718979 -0.269829 -0.109116 0.005059 0.065967 0.398874 0.287360 0.087097 -0.077087 -0.125985 -0.091832 0.317967 0.052827 -0.254674 -0.644047 -0.982784 -1.124140 -1.022180 -0.662375 -0.214134 -0.009613 0.060725 0.014145 0.157900 0.107161 -0.021680 -0.086523 -0.110638 -0.075913 0.183612 -0.053668 -0.290670 -0.573843 -0.795744 -0.850457 -0.718871 -0.462577 -0.172010 -0.007971 0.023774 0.001509 -0.002241 -0.036855 -0.079604 -0.100033 -0.100890 -0.057001 -0.011983 -0.129604 -0.210314 -0.301128 -0.359295 -0.350108 -0.274593 -0.177835 -0.087920 -0.034454 -0.022316 -0.030803 -0.047263 -0.058841 -0.060486 -0.053044 -0.042946 -0.017483 0.001385 0.005535 0.008084 0.010859 0.012218 0.010839 0.005909 -0.002842 -0.015315 -0.031474 -0.049103 -0.063289 -0.071042 -0.069541 -0.059777 -0.045533 -0.033335 -0.011338 0.008438 0.048937 0.074290 0.099230 0.108673 0.092182 0.050044 -0.002723 -0.059516 -0.119127 -0.176914 -0.226929 -0.260082 -0.258632 -0.224093 -0.170865 -0.124052 -0.040388 0.008857 0.063073 0.095871 0.122974 0.122957 0.081049 0.002822 -0.077602 -0.147489 -0.208264 -0.260227 -0.310339 -0.349564 -0.346480 -0.300239 -0.229019 -0.165981 -0.053348 -0.001887 0.034388 0.052689 0.073233 0.079298 0.039323 -0.063273 -0.196473 -0.333721 -0.406751 -0.408560 -0.417775 -0.442841 -0.425311 -0.360321 -0.270908 -0.195118 -0.061231 -0.033807 -0.083127 -0.124568 -0.122834 -0.039300 0.036023 -0.066099 -0.272690 -0.593277 -0.739433 -0.596486 -0.494369 -0.482413 -0.444366 -0.355953 -0.255673 -0.181015 -0.053720 -0.063692 -0.250068 -0.394855 -0.429147 -0.346010 -0.059383 0.015925 -0.273914 -0.737868 -0.919442 -0.619227 -0.485633 -0.420524 -0.391361 -0.312450 -0.203742 -0.135236 -0.032315 -0.068727 -0.429378 -0.736423 -0.991859 -1.563548 -0.570595 -0.049063 -1.076175 -0.966519 -0.533601 -0.790917 -0.421380 -0.290778 -0.309035 -0.235317 -0.127008 -0.064505 0.003009 -0.013630 -0.469793 -0.914232 -1.418211 -1.730970 0.504311 0.163596 -0.615431 -0.392629 0.164947 -0.766368 -0.403961 -0.139836 -0.238356 -0.159093 -0.070003 -0.010013 0.035794 0.136853 -0.218181 -0.638003 -1.190840 -0.868961 0.228136 -0.778015 0.264177 -0.543295 -0.245953 -0.366823 -0.177264 0.104488 -0.272279 -0.186641 -0.085211 -0.012161 0.049712 0.350991 0.188295 -0.130501 -0.779102 -1.728949 -0.417515 -0.530940 -0.397842 -0.321925 1.153211 0.446767 0.101919 -0.274683 -0.440326 -0.265558 -0.148682 -0.054664 0.044307 0.597005 0.619513 0.415372 -0.320589 -1.484981 -0.255453 -0.120829 -1.325266 0.415914 0.070020 0.149427 0.652993 -0.638053 -0.208844 -0.321653 -0.215985 -0.116376 0.019268 0.816554 1.028021 0.899288 0.242266 -0.851353 -0.085561 -0.138193 -0.595173 0.114086 -0.254922 -0.443936 0.087166 0.760556 -0.145540 -0.344979 -0.277151 -0.188541 -0.016032 0.951260 1.357835 1.338369 0.700775 -0.079768 0.673654 -0.992249 -0.625194 0.286432 0.499401 0.612951 0.709178 0.670943 -0.074336 -0.346406 -0.318115 -0.233764 -0.051735 0.990391 1.457062 1.466660 0.629386 -0.602317 -1.369927 -0.172209 -0.610857 0.424358 0.160158 0.366772 -0.539376 -0.624490 -0.310359 -0.167742 -0.279004 -0.242319 -0.082900 0.923179 1.173422 1.038980 0.198206 -0.982804 -1.384556 -0.843661 -0.702693 0.263800 -0.350342 0.121022 -1.182229 -0.136663 -0.077222 -0.133276 -0.236867 -0.228610 -0.105347 0.785386 0.745885 0.442370 -0.248135 -0.961601 -0.967794 -0.672593 -0.506774 -0.263894 -0.280371 -0.810867 -0.914594 -0.284209 -0.005251 -0.062816 -0.193124 -0.207453 -0.117783 0.612153 0.412913 0.055219 -0.489513 -0.971366 -0.971967 -0.590756 -0.443765 -0.158223 0.065956 -0.057097 0.155862 0.232632 0.100428 -0.029835 -0.159712 -0.186733 -0.118654 0.434605 0.170668 -0.169221 -0.599655 -0.961258 -1.064688 -0.894501 -0.565475 -0.124672 0.135008 0.201111 0.329728 0.367528 0.103335 -0.059848 -0.143574 -0.166538 -0.108810 0.275256 0.013196 -0.269788 -0.597834 -0.852590 -0.936591 -0.824576 -0.550259 -0.201715 0.005780 0.062712 0.075801 0.077860 -0.004330 -0.093331 -0.135518 -0.143438 -0.086698 0.158526 -0.070226 -0.289857 -0.540347 -0.723167 -0.755884 -0.628996 -0.412689 -0.176599 -0.035045 -0.006426 -0.022440 -0.052906 -0.090260 -0.122683 -0.130346 -0.120914 -0.063731 -0.011131 -0.120040 -0.195064 -0.279813 -0.335554 -0.332658 -0.271003 -0.187050 -0.105593 -0.055716 -0.043229 -0.050369 -0.065361 -0.073451 -0.070062 -0.058344 -0.045804 -0.018157 -0.002455 -0.004273 -0.004965 -0.006634 -0.009516 -0.014390 -0.021355 -0.030035 -0.039949 -0.050634 -0.060673 -0.067442 -0.069247 -0.064220 -0.053384 -0.039651 -0.028452 -0.009135 -0.014982 -0.013234 -0.007857 -0.006253 -0.013101 -0.034070 -0.068556 -0.109207 -0.151554 -0.192433 -0.227877 -0.253872 -0.264564 -0.248464 -0.208141 -0.154842 -0.110273 -0.033964 -0.025946 -0.028921 -0.024294 -0.027095 -0.042801 -0.078838 -0.132377 -0.189133 -0.241768 -0.286499 -0.320992 -0.347475 -0.359526 -0.337522 -0.283267 -0.210987 -0.149979 -0.045593 -0.049977 -0.088158 -0.105062 -0.129756 -0.159203 -0.201798 -0.259999 -0.338513 -0.422365 -0.466286 -0.466640 -0.462987 -0.457914 -0.420143 -0.349044 -0.258539 -0.182841 -0.054217 -0.093106 -0.222502 -0.300488 -0.377101 -0.418971 -0.433302 -0.454405 -0.562640 -0.722865 -0.761402 -0.665754 -0.576085 -0.520101 -0.450480 -0.362810 -0.263911 -0.184413 -0.051861 -0.138812 -0.405330 -0.582707 -0.731140 -0.769861 -0.693667 -0.583808 -0.647449 -0.866521 -0.922116 -0.748724 -0.607242 -0.537163 -0.450923 -0.345388 -0.238885 -0.161047 -0.039595 -0.169953 -0.609644 -0.924853 -1.168534 -1.263195 -1.047307 -0.720625 -0.652631 -0.738334 -0.737298 -0.598087 -0.483072 -0.470649 -0.426429 -0.308273 -0.189162 -0.114809 -0.017185 -0.149221 -0.703109 -1.128259 -1.466359 -1.601420 -1.330892 -0.986557 -0.851502 -0.858582 -0.834083 -0.629446 -0.387168 -0.377955 -0.359852 -0.259766 -0.145400 -0.073306 0.003358 -0.039263 -0.553364 -0.993034 -1.406396 -1.611076 -1.523036 -1.346377 -1.115316 -1.211830 -1.136876 -0.739811 -0.367820 -0.327874 -0.296353 -0.221858 -0.137672 -0.063802 0.010116 0.139604 -0.245979 -0.647306 -1.123412 -1.497864 -1.424588 -1.370519 -1.534355 -1.829299 -1.393956 -0.931955 -0.464422 -0.363096 -0.261511 -0.204183 -0.161812 -0.083461 0.002602 0.367067 0.133487 -0.215560 -0.726356 -1.202332 -1.233660 -1.219061 -1.407148 -1.695014 -1.807753 -1.166934 -0.506077 -0.551179 -0.208292 -0.197624 -0.210281 -0.129205 -0.019664 0.580536 0.498790 0.206025 -0.374087 -1.120933 -1.243941 -0.804996 -1.137752 -1.395086 -1.609880 -1.373081 -0.868391 -0.629214 -0.225582 -0.170304 -0.240211 -0.178356 -0.048767 0.717416 0.763690 0.522311 -0.141350 -0.985805 -1.076053 -1.014922 -1.138453 -0.903961 -1.138170 -1.148989 -0.757242 -0.516401 -0.235997 -0.152081 -0.242516 -0.207439 -0.076783 0.765640 0.853399 0.625734 -0.112548 -1.020200 -1.079352 -0.876671 -0.742619 -0.732385 -0.992622 -0.806409 -0.725794 -0.476833 -0.203484 -0.143341 -0.237412 -0.218865 -0.099987 0.713107 0.693124 0.410073 -0.284188 -1.100532 -1.189158 -0.774799 -0.573737 -0.574928 -0.557618 -0.395915 -0.311774 -0.169638 -0.097556 -0.144227 -0.227565 -0.214770 -0.114646 0.598606 0.431916 0.089459 -0.489862 -1.074808 -1.163503 -0.772976 -0.495441 -0.310954 -0.215703 -0.335188 -0.178620 -0.051026 -0.039109 -0.138297 -0.205626 -0.201770 -0.119581 0.460472 0.218797 -0.120917 -0.583243 -0.997587 -1.083541 -0.809729 -0.503261 -0.160978 0.012925 -0.058307 0.041525 0.028643 -0.037712 -0.134910 -0.182904 -0.186260 -0.113464 0.322547 0.060352 -0.239388 -0.595963 -0.880415 -0.961600 -0.818729 -0.556569 -0.240791 -0.049461 -0.000170 0.049502 0.025084 -0.053734 -0.128243 -0.164547 -0.167055 -0.098965 0.202297 -0.037238 -0.278213 -0.548901 -0.746708 -0.795851 -0.685042 -0.475820 -0.233215 -0.075469 -0.028992 -0.023856 -0.044050 -0.085004 -0.128958 -0.145205 -0.138925 -0.076644 0.115755 -0.084798 -0.269354 -0.477210 -0.625613 -0.650539 -0.546512 -0.376535 -0.194558 -0.080457 -0.051116 -0.061486 -0.089169 -0.115969 -0.131067 -0.125950 -0.110930 -0.055449 -0.009846 -0.098819 -0.160042 -0.229633 -0.276651 -0.278594 -0.234663 -0.171273 -0.107343 -0.066472 -0.053820 -0.056338 -0.065063 -0.067953 -0.061703 -0.049701 -0.038324 -0.014910 -0.005750 -0.013137 -0.016884 -0.022511 -0.028805 -0.035845 -0.043197 -0.050383 -0.056881 -0.062164 -0.065535 -0.066029 -0.063009 -0.055582 -0.044721 -0.032369 -0.022718 -0.006798 -0.033290 -0.064953 -0.077712 -0.097798 -0.120753 -0.147870 -0.177342 -0.206211 -0.231903 -0.251904 -0.263895 -0.265905 -0.255296 -0.226424 -0.182610 -0.131891 -0.091734 -0.026250 -0.052866 -0.104735 -0.126004 -0.158421 -0.193945 -0.233770 -0.274783 -0.312645 -0.343878 -0.365282 -0.374872 -0.372738 -0.355801 -0.314781 -0.253620 -0.182954 -0.126874 -0.035788 -0.087181 -0.184236 -0.228202 -0.287561 -0.343753 -0.395895 -0.441307 -0.484034 -0.519308 -0.531756 -0.519988 -0.497260 -0.463546 -0.404542 -0.323826 -0.232535 -0.160317 -0.044004 -0.139537 -0.319035 -0.408454 -0.516151 -0.601604 -0.658266 -0.688200 -0.724228 -0.759902 -0.744681 -0.677640 -0.605428 -0.538025 -0.455521 -0.359124 -0.255285 -0.174055 -0.045301 -0.198480 -0.490753 -0.647650 -0.821381 -0.939750 -0.990597 -0.983930 -0.989241 -1.004928 -0.943244 -0.807464 -0.678378 -0.575973 -0.471834 -0.363642 -0.253906 -0.170159 -0.040755 -0.251163 -0.678415 -0.923637 -1.176697 -1.327423 -1.353398 -1.289571 -1.225648 -1.171714 -1.045756 -0.852785 -0.683982 -0.563416 -0.448583 -0.334311 -0.225910 -0.147097 -0.030426 -0.262314 -0.794089 -1.119717 -1.455181 -1.661049 -1.704655 -1.621437 -1.513199 -1.369220 -1.183338 -0.911826 -0.676338 -0.525935 -0.401627 -0.289494 -0.190406 -0.121100 -0.022001 -0.196560 -0.749655 -1.118963 -1.529922 -1.823138 -1.963207 -1.962547 -1.885776 -1.708693 -1.472979 -1.074775 -0.711191 -0.488722 -0.344583 -0.246218 -0.166105 -0.108142 -0.023099 -0.064456 -0.576283 -0.963625 -1.436677 -1.806866 -2.021000 -2.160142 -2.156683 -2.058284 -1.784633 -1.274383 -0.803843 -0.492224 -0.304923 -0.220192 -0.159033 -0.110513 -0.033561 0.123450 -0.305129 -0.695995 -1.212859 -1.661966 -1.909466 -2.038317 -2.127039 -2.161018 -1.964817 -1.539307 -1.030338 -0.599457 -0.322855 -0.229438 -0.175016 -0.130482 -0.053224 0.308836 -0.021563 -0.401300 -0.951593 -1.490435 -1.699160 -1.792907 -1.966134 -2.049185 -1.895597 -1.598925 -1.186167 -0.693856 -0.360039 -0.251269 -0.197593 -0.156725 -0.075561 0.433380 0.189045 -0.164606 -0.723997 -1.286678 -1.436824 -1.500061 -1.655043 -1.738162 -1.645136 -1.415584 -1.083206 -0.660940 -0.371986 -0.260560 -0.211798 -0.177933 -0.094046 0.487871 0.290592 -0.040171 -0.582773 -1.150132 -1.304433 -1.203136 -1.239717 -1.295080 -1.270628 -1.113856 -0.849825 -0.511568 -0.329417 -0.256501 -0.216797 -0.190875 -0.106421 0.463075 0.246977 -0.082216 -0.578434 -1.080088 -1.245766 -1.067909 -0.941967 -0.896096 -0.838574 -0.741426 -0.541925 -0.346200 -0.253949 -0.229639 -0.209771 -0.192297 -0.110418 0.390498 0.136810 -0.188989 -0.620561 -1.009665 -1.130811 -0.970046 -0.764512 -0.576216 -0.456263 -0.437472 -0.333636 -0.223672 -0.187304 -0.197422 -0.194968 -0.184370 -0.106524 0.301343 0.038774 -0.258280 -0.619465 -0.914018 -0.994730 -0.851689 -0.629782 -0.400619 -0.256504 -0.222798 -0.183136 -0.151855 -0.150836 -0.173989 -0.178865 -0.169048 -0.095107 0.211364 -0.036548 -0.289262 -0.580777 -0.801335 -0.855675 -0.735349 -0.531923 -0.312171 -0.164595 -0.109962 -0.095889 -0.105303 -0.129852 -0.156595 -0.160007 -0.147447 -0.079002 0.132095 -0.077529 -0.274783 -0.497779 -0.659948 -0.695465 -0.597895 -0.431308 -0.248462 -0.124430 -0.078508 -0.076517 -0.098814 -0.123497 -0.138163 -0.132800 -0.117459 -0.059400 0.074691 -0.092795 -0.240248 -0.407662 -0.528534 -0.552285 -0.474765 -0.347633 -0.211259 -0.120646 -0.089290 -0.090626 -0.107942 -0.120348 -0.119716 -0.105902 -0.089207 -0.042253 -0.008508 -0.076423 -0.122935 -0.176213 -0.213183 -0.217829 -0.189092 -0.144968 -0.098722 -0.067464 -0.055217 -0.053242 -0.055617 -0.054228 -0.047053 -0.036765 -0.027923 -0.010652 -0.008147 -0.020384 -0.026824 -0.035516 -0.043735 -0.050668 -0.055502 -0.058157 -0.058402 -0.055913 -0.050930 -0.044274 -0.036618 -0.028628 -0.020985 -0.013960 -0.009039 -0.001956 -0.045272 -0.108581 -0.140320 -0.182220 -0.219943 -0.248939 -0.265798 -0.272214 -0.268406 -0.254138 -0.230670 -0.200753 -0.166787 -0.131036 -0.096344 -0.064175 -0.041486 -0.008853 -0.069235 -0.166132 -0.214503 -0.277741 -0.333653 -0.375036 -0.397046 -0.403402 -0.395078 -0.372167 -0.336637 -0.292224 -0.242302 -0.190088 -0.139626 -0.092957 -0.060090 -0.012847 -0.104953 -0.252855 -0.326529 -0.422053 -0.504954 -0.563299 -0.589735 -0.590611 -0.569070 -0.528735 -0.473508 -0.407704 -0.335793 -0.262246 -0.192300 -0.128007 -0.082788 -0.017788 -0.150915 -0.365854 -0.472858 -0.610791 -0.728492 -0.806711 -0.834143 -0.819567 -0.770543 -0.700354 -0.616878 -0.523745 -0.426271 -0.330279 -0.241586 -0.160872 -0.104162 -0.022559 -0.202767 -0.496877 -0.643847 -0.831806 -0.990206 -1.093138 -1.124182 -1.092162 -1.008391 -0.895952 -0.769179 -0.637077 -0.507962 -0.388372 -0.283416 -0.189412 -0.123326 -0.027401 -0.254258 -0.633173 -0.824053 -1.065456 -1.267026 -1.400281 -1.442941 -1.399244 -1.280627 -1.114192 -0.923565 -0.736357 -0.568370 -0.425418 -0.309826 -0.208891 -0.137722 -0.032195 -0.288667 -0.741764 -0.975261 -1.267446 -1.510660 -1.676712 -1.738081 -1.693133 -1.549906 -1.332813 -1.073914 -0.825432 -0.613819 -0.446505 -0.323172 -0.220062 -0.148219 -0.037906 -0.289135 -0.789351 -1.058839 -1.392942 -1.672136 -1.870141 -1.955811 -1.924347 -1.778043 -1.529230 -1.212685 -0.907012 -0.650023 -0.456326 -0.325531 -0.223493 -0.155567 -0.045474 -0.256428 -0.772237 -1.067441 -1.431680 -1.738558 -1.960582 -2.066615 -2.054360 -1.924542 -1.671126 -1.326203 -0.980010 -0.684239 -0.464559 -0.323692 -0.222386 -0.160696 -0.054176 -0.191303 -0.686703 -0.993692 -1.373379 -1.697883 -1.929499 -2.042101 -2.048221 -1.946225 -1.721949 -1.402133 -1.050771 -0.726007 -0.480915 -0.324407 -0.219931 -0.164528 -0.063284 -0.116529 -0.569439 -0.873508 -1.246361 -1.565083 -1.785507 -1.891845 -1.912133 -1.840581 -1.660804 -1.389266 -1.068213 -0.739661 -0.483322 -0.319430 -0.214634 -0.165282 -0.070135 -0.054873 -0.457132 -0.742804 -1.078856 -1.353565 -1.536522 -1.623278 -1.647520 -1.602417 -1.468750 -1.253822 -0.979770 -0.684573 -0.450627 -0.300580 -0.204999 -0.161176 -0.072068 -0.010816 -0.358417 -0.614895 -0.902417 -1.122890 -1.261328 -1.314859 -1.323238 -1.287767 -1.190248 -1.029142 -0.813047 -0.575180 -0.388245 -0.267856 -0.188812 -0.150738 -0.068994 0.011158 -0.281918 -0.503073 -0.748549 -0.930950 -1.029476 -1.040875 -1.010784 -0.953548 -0.864861 -0.745618 -0.593936 -0.430665 -0.303012 -0.221220 -0.163848 -0.132494 -0.060822 0.018578 -0.222052 -0.405645 -0.612469 -0.765280 -0.830285 -0.804596 -0.737962 -0.653326 -0.564295 -0.477231 -0.383319 -0.289769 -0.218288 -0.172406 -0.135048 -0.109999 -0.049810 0.018946 -0.173064 -0.320587 -0.488879 -0.612857 -0.654820 -0.611680 -0.530267 -0.436633 -0.353213 -0.288646 -0.235295 -0.191549 -0.158127 -0.133020 -0.107237 -0.086724 -0.038179 0.014970 -0.133437 -0.247614 -0.379158 -0.476032 -0.503427 -0.458184 -0.379246 -0.290842 -0.217807 -0.169811 -0.141870 -0.128191 -0.116116 -0.101000 -0.081555 -0.064742 -0.027384 0.008956 -0.099235 -0.181801 -0.277470 -0.348005 -0.366561 -0.330416 -0.267940 -0.198130 -0.142580 -0.109187 -0.093254 -0.088871 -0.083192 -0.072259 -0.057553 -0.044892 -0.018365 0.003486 -0.073948 -0.132018 -0.199420 -0.249197 -0.262802 -0.238107 -0.194185 -0.144513 -0.105617 -0.082881 -0.071223 -0.066287 -0.060139 -0.050575 -0.039207 -0.030080 -0.011983 -0.004520 -0.027392 -0.042555 -0.060116 -0.072644 -0.075361 -0.067701 -0.054662 -0.040032 -0.028840 -0.022505 -0.018981 -0.016975 -0.014655 -0.011574 -0.008358 -0.005965 -0.001940 0.007918 0.017809 0.022500 0.028834 0.034659 0.039338 0.042229 0.043266 0.042285 0.039042 0.033847 0.027570 0.020987 0.015053 0.010234 0.006332 0.003829 0.000558 0.028231 0.059275 0.072893 0.091907 0.110444 0.128107 0.142876 0.153066 0.156934 0.152061 0.138805 0.120363 0.099047 0.077086 0.056464 0.037767 0.024836 0.005922 0.039593 0.080503 0.097517 0.121307 0.144665 0.168270 0.189635 0.205864 0.214035 0.209987 0.193933 0.170615 0.142969 0.113154 0.083898 0.056688 0.037595 0.009286 0.054062 0.103880 0.122357 0.148945 0.175548 0.203722 0.230570 0.252016 0.264352 0.262683 0.247043 0.222811 0.192552 0.156630 0.118314 0.081052 0.054239 0.013789 0.069039 0.121654 0.136641 0.160565 0.185719 0.213247 0.240055 0.261690 0.275138 0.277875 0.269814 0.254297 0.231300 0.196285 0.152309 0.106283 0.071857 0.018744 0.084267 0.134609 0.142354 0.159010 0.178392 0.200858 0.223591 0.242752 0.256460 0.264582 0.266993 0.265347 0.256179 0.227671 0.181826 0.129380 0.088378 0.023531 0.098437 0.141363 0.138841 0.143808 0.152786 0.165896 0.181393 0.197310 0.212392 0.225930 0.237862 0.251409 0.260111 0.243139 0.200426 0.145720 0.100649 0.027258 0.111750 0.142983 0.127580 0.116950 0.111776 0.113924 0.122953 0.137180 0.154948 0.173753 0.193411 0.219342 0.243335 0.238348 0.202329 0.149843 0.104126 0.028004 0.124327 0.140377 0.109856 0.080184 0.057953 0.050172 0.057377 0.073755 0.095714 0.119472 0.144242 0.175656 0.205796 0.208728 0.181583 0.136172 0.094190 0.023829 0.135805 0.134145 0.086256 0.033041 -0.011612 -0.031973 -0.026203 -0.007298 0.018610 0.047852 0.078774 0.115230 0.149819 0.160216 0.143357 0.108143 0.073070 0.015331 0.145812 0.124877 0.057349 -0.024964 -0.099866 -0.139146 -0.138707 -0.120419 -0.092538 -0.056387 -0.014577 0.032922 0.077710 0.098735 0.092808 0.069186 0.042993 0.003105 0.150792 0.110649 0.025065 -0.083448 -0.185621 -0.244597 -0.253861 -0.240152 -0.212029 -0.167982 -0.112704 -0.051489 0.005847 0.038152 0.042237 0.029581 0.012309 -0.009247 0.147188 0.089534 -0.008669 -0.132025 -0.247690 -0.321565 -0.345226 -0.339965 -0.312662 -0.261802 -0.193318 -0.118283 -0.049380 -0.007670 0.003946 -0.000396 -0.010629 -0.018122 0.135813 0.065176 -0.038619 -0.166227 -0.283557 -0.362958 -0.395451 -0.395694 -0.368749 -0.314248 -0.238756 -0.156933 -0.082866 -0.036470 -0.020276 -0.019065 -0.024414 -0.022878 0.117477 0.041218 -0.059546 -0.181570 -0.290684 -0.361673 -0.387042 -0.382788 -0.354616 -0.302107 -0.231913 -0.157017 -0.089511 -0.045987 -0.028641 -0.024743 -0.027637 -0.022871 0.095535 0.019894 -0.071767 -0.181685 -0.277159 -0.334047 -0.346745 -0.334317 -0.303943 -0.256141 -0.196635 -0.134882 -0.079779 -0.043353 -0.027319 -0.022756 -0.024649 -0.019961 0.073268 0.003453 -0.075492 -0.169984 -0.250757 -0.296066 -0.301196 -0.283824 -0.251587 -0.207373 -0.156702 -0.106868 -0.064088 -0.035671 -0.022463 -0.018413 -0.019785 -0.015992 0.052660 -0.008094 -0.072739 -0.150388 -0.216397 -0.252444 -0.254266 -0.235805 -0.204154 -0.164339 -0.121763 -0.082136 -0.049668 -0.028087 -0.017533 -0.013994 -0.014775 -0.011792 0.034677 -0.014530 -0.064038 -0.123798 -0.174678 -0.202883 -0.204809 -0.190109 -0.164312 -0.132574 -0.099321 -0.068459 -0.042959 -0.025336 -0.015752 -0.011570 -0.011092 -0.007954 0.021646 -0.016972 -0.053874 -0.098685 -0.137111 -0.159395 -0.162592 -0.152824 -0.133954 -0.110289 -0.085112 -0.060887 -0.039898 -0.024552 -0.015286 -0.010290 -0.008635 -0.005077 0.001739 -0.013687 -0.026034 -0.041454 -0.055102 -0.064246 -0.067681 -0.066591 -0.061763 -0.054252 -0.045034 -0.035077 -0.025383 -0.017178 -0.010970 -0.006394 -0.003725 -0.000460 0.024475 0.053010 0.065880 0.083261 0.099235 0.112591 0.121648 0.126074 0.125044 0.116991 0.102704 0.085406 0.067314 0.050476 0.036172 0.024122 0.016241 0.004498 0.080228 0.155363 0.183625 0.222760 0.257975 0.285778 0.302721 0.310012 0.307432 0.294286 0.271177 0.239585 0.202190 0.163273 0.126317 0.091766 0.067694 0.025162 0.111358 0.207032 0.239859 0.286114 0.326902 0.356107 0.369927 0.372372 0.365634 0.353271 0.334854 0.304607 0.263370 0.217566 0.171962 0.127356 0.095369 0.036609 0.151669 0.267291 0.300997 0.346958 0.383647 0.407175 0.414867 0.412306 0.403792 0.397434 0.390583 0.367063 0.325089 0.274563 0.221780 0.167261 0.126720 0.049457 0.194733 0.320940 0.347419 0.376633 0.389080 0.394642 0.394664 0.391693 0.389519 0.397823 0.410222 0.399921 0.362669 0.313099 0.258865 0.198790 0.151950 0.059403 0.241932 0.365258 0.372184 0.367663 0.340876 0.326226 0.328001 0.329972 0.332985 0.359315 0.399502 0.410214 0.383363 0.338667 0.285363 0.221540 0.169526 0.065046 0.291759 0.392180 0.362177 0.305227 0.228173 0.199189 0.222468 0.235673 0.234583 0.277225 0.353651 0.396546 0.387230 0.350840 0.298707 0.231586 0.175241 0.063916 0.349340 0.417172 0.338210 0.215303 0.076994 0.027984 0.070739 0.093948 0.086830 0.141575 0.250582 0.336892 0.364390 0.347748 0.297724 0.226709 0.165865 0.053447 0.419594 0.455317 0.320653 0.123358 -0.087875 -0.179348 -0.148447 -0.123703 -0.132419 -0.067139 0.070417 0.207612 0.304082 0.326789 0.280872 0.204435 0.137975 0.031000 0.494329 0.505624 0.322725 0.068259 -0.194641 -0.325104 -0.313700 -0.293418 -0.303134 -0.234705 -0.080659 0.083430 0.223781 0.276288 0.235477 0.158401 0.090585 -0.000567 0.565340 0.567073 0.357604 0.088703 -0.172973 -0.308982 -0.321897 -0.315747 -0.308505 -0.252242 -0.108326 0.034293 0.146525 0.186690 0.149316 0.082240 0.022695 -0.038399 0.618679 0.622376 0.402917 0.136350 -0.114220 -0.261653 -0.308243 -0.335100 -0.318912 -0.235598 -0.112620 -0.015114 0.059989 0.084157 0.055666 0.004457 -0.043715 -0.073378 0.640396 0.654240 0.436223 0.161709 -0.112511 -0.299213 -0.386259 -0.418233 -0.405838 -0.341374 -0.247989 -0.142105 -0.048045 -0.005308 -0.012434 -0.046473 -0.086664 -0.096386 0.626842 0.646269 0.435938 0.156838 -0.138183 -0.351881 -0.459603 -0.501038 -0.486063 -0.437883 -0.348415 -0.222755 -0.109586 -0.047410 -0.041730 -0.067480 -0.104748 -0.106174 0.574332 0.582036 0.380519 0.114396 -0.165362 -0.371621 -0.476937 -0.508677 -0.473856 -0.404191 -0.300321 -0.176567 -0.066942 -0.012836 -0.020123 -0.055528 -0.096557 -0.101490 0.494840 0.483376 0.295460 0.055551 -0.187061 -0.362344 -0.446309 -0.455218 -0.400507 -0.312739 -0.204758 -0.092318 0.001721 0.037170 0.012071 -0.034004 -0.077292 -0.087886 0.399901 0.371728 0.206057 0.001629 -0.195686 -0.330871 -0.385952 -0.377197 -0.319204 -0.237094 -0.146728 -0.056280 0.017029 0.040323 0.014379 -0.026265 -0.062092 -0.070840 0.301680 0.259190 0.118915 -0.049345 -0.204121 -0.302939 -0.333619 -0.314762 -0.261094 -0.194081 -0.125984 -0.059744 -0.006167 0.012420 -0.003161 -0.028786 -0.051667 -0.053395 0.206252 0.152420 0.037864 -0.099015 -0.222141 -0.298852 -0.320132 -0.302936 -0.259411 -0.205576 -0.150776 -0.097697 -0.053410 -0.031159 -0.030745 -0.037686 -0.045839 -0.037548 0.132259 0.072400 -0.020466 -0.132881 -0.233969 -0.298132 -0.317893 -0.306999 -0.274399 -0.230810 -0.183556 -0.136880 -0.096036 -0.068205 -0.053941 -0.045670 -0.042178 -0.025611 0.013512 -0.035680 -0.078145 -0.131812 -0.180845 -0.215873 -0.232789 -0.235643 -0.226366 -0.206724 -0.179446 -0.148437 -0.116806 -0.087423 -0.062166 -0.040482 -0.025890 -0.005322 0.032813 0.070328 0.086958 0.109365 0.130058 0.148170 0.161612 0.169657 0.170644 0.161243 0.142409 0.119561 0.095799 0.073172 0.053346 0.036272 0.024968 0.007537 0.105854 0.201025 0.235383 0.283328 0.325145 0.352921 0.362911 0.361084 0.350318 0.333828 0.311797 0.280035 0.239901 0.197683 0.157436 0.118713 0.091331 0.037886 0.146527 0.267456 0.307691 0.366359 0.416257 0.438293 0.428157 0.401664 0.370623 0.353671 0.348728 0.328887 0.289946 0.245871 0.202681 0.157973 0.124755 0.054265 0.198962 0.348987 0.394004 0.453317 0.494148 0.499713 0.468701 0.423188 0.381289 0.373381 0.391920 0.382561 0.337327 0.287958 0.244213 0.196428 0.159107 0.071872 0.254569 0.429933 0.476150 0.511920 0.505627 0.477978 0.442070 0.407281 0.386152 0.407147 0.448488 0.435732 0.365784 0.301897 0.260606 0.216202 0.179955 0.083941 0.316547 0.496662 0.523608 0.505037 0.425676 0.363850 0.347181 0.330260 0.304759 0.368595 0.485460 0.484265 0.393113 0.312038 0.268369 0.224686 0.189208 0.088704 0.384311 0.528722 0.498307 0.385825 0.214334 0.150885 0.207345 0.251896 0.242281 0.309811 0.504585 0.533573 0.424780 0.332298 0.277365 0.224907 0.185308 0.082817 0.466983 0.555074 0.439821 0.208562 -0.081651 -0.154499 -0.008103 0.094241 0.107719 0.182772 0.404517 0.520040 0.437543 0.351004 0.287786 0.220647 0.169136 0.064127 0.573413 0.604197 0.387341 0.013178 -0.426445 -0.574813 -0.449208 -0.354491 -0.371977 -0.255005 0.014052 0.271249 0.394290 0.394226 0.314287 0.215800 0.141321 0.030367 0.685944 0.676201 0.378534 -0.084249 -0.585005 -0.808836 -0.720421 -0.647741 -0.687739 -0.584029 -0.277157 0.052590 0.316662 0.397191 0.304144 0.182118 0.090903 -0.013943 0.786898 0.770997 0.452474 0.026603 -0.396601 -0.599839 -0.563580 -0.534600 -0.463054 -0.408301 -0.164410 0.083286 0.264963 0.310294 0.216016 0.091836 0.006916 -0.064292 0.863542 0.873620 0.575853 0.230735 -0.074532 -0.244023 -0.242592 -0.313132 -0.291930 -0.123523 0.028734 0.160929 0.189164 0.160952 0.095877 -0.006863 -0.076707 -0.109595 0.903128 0.968025 0.705178 0.377698 0.050143 -0.245715 -0.348428 -0.207405 -0.282360 -0.194683 -0.186127 -0.045690 0.017182 0.018492 -0.003693 -0.066437 -0.126078 -0.138767 0.895309 1.002238 0.769152 0.428694 0.046754 -0.243751 -0.425696 -0.477310 -0.362478 -0.331072 -0.344155 -0.185724 -0.072350 -0.030221 -0.038612 -0.080776 -0.140494 -0.150499 0.829696 0.925039 0.700735 0.368661 -0.016501 -0.300926 -0.452116 -0.513941 -0.399877 -0.342504 -0.240797 -0.087676 0.026731 0.068933 0.030195 -0.044740 -0.119358 -0.143471 0.722073 0.779293 0.560611 0.255966 -0.085214 -0.354059 -0.501750 -0.505317 -0.376798 -0.258699 -0.104868 0.057690 0.163943 0.176210 0.099587 -0.002305 -0.087600 -0.124654 0.587579 0.607265 0.409269 0.152108 -0.117359 -0.324954 -0.434358 -0.430036 -0.327624 -0.194987 -0.068498 0.065471 0.159593 0.168600 0.093670 0.001683 -0.070160 -0.100909 0.445230 0.429890 0.258775 0.050930 -0.149073 -0.290214 -0.351610 -0.336703 -0.261568 -0.171821 -0.087553 0.001464 0.077313 0.090805 0.042460 -0.017143 -0.063101 -0.076521 0.305007 0.259084 0.115400 -0.055810 -0.212772 -0.316133 -0.352944 -0.336749 -0.282333 -0.216816 -0.152022 -0.084098 -0.024306 -0.002732 -0.019121 -0.042718 -0.061338 -0.054281 0.195471 0.129715 0.009762 -0.135225 -0.266817 -0.351414 -0.379181 -0.367084 -0.326708 -0.272820 -0.214840 -0.156974 -0.106720 -0.076858 -0.067311 -0.062691 -0.060419 -0.037458 0.019307 -0.049009 -0.108174 -0.182993 -0.251276 -0.299381 -0.321861 -0.325687 -0.313677 -0.287236 -0.250081 -0.208483 -0.166586 -0.127238 -0.092609 -0.061624 -0.039919 -0.008485 0.042054 0.089127 0.109505 0.136656 0.161835 0.185782 0.206332 0.222278 0.230046 0.221672 0.198011 0.169046 0.139202 0.109451 0.081841 0.057022 0.040129 0.013015 0.134787 0.251775 0.292987 0.352477 0.403950 0.429650 0.425913 0.409719 0.389468 0.373244 0.358661 0.328281 0.282038 0.235874 0.195518 0.155210 0.125724 0.058330 0.186217 0.336038 0.387268 0.469932 0.543271 0.557004 0.505108 0.429040 0.359029 0.340959 0.366238 0.358798 0.308216 0.261118 0.228748 0.192953 0.164081 0.082149 0.251960 0.444053 0.508426 0.600136 0.665208 0.643108 0.535253 0.402983 0.297177 0.298103 0.381769 0.399615 0.331474 0.274129 0.249791 0.222349 0.198560 0.106444 0.320673 0.559848 0.639102 0.695371 0.657876 0.524127 0.388280 0.242501 0.139832 0.214826 0.387180 0.427712 0.342494 0.263349 0.241146 0.222721 0.209696 0.120318 0.398030 0.654304 0.716857 0.682298 0.534671 0.360119 0.247354 0.061855 -0.126828 0.060926 0.409950 0.424902 0.316513 0.230615 0.223040 0.212855 0.206626 0.122706 0.484897 0.689754 0.676052 0.519701 0.310380 0.173968 0.230571 0.352308 0.312991 0.192485 0.561908 0.554645 0.346922 0.220176 0.198121 0.203577 0.193935 0.110180 0.596493 0.716018 0.575731 0.268281 -0.052746 -0.028750 0.321623 0.425961 0.153568 -0.420226 0.392700 0.654585 0.444165 0.270282 0.218897 0.203546 0.174777 0.081545 0.747714 0.785235 0.487726 -0.047873 -0.433069 -0.195675 0.201444 0.028682 -0.426544 -0.854500 -0.087929 0.137620 0.408629 0.438492 0.314782 0.224876 0.152102 0.035434 0.906206 0.889283 0.476309 -0.151367 -0.618422 -0.059874 0.163668 -0.140199 -0.583833 -0.938897 -1.016017 -0.591922 0.346734 0.494987 0.364390 0.210900 0.101555 -0.023039 1.039571 1.020609 0.606027 0.129454 -0.449339 -0.743512 -0.230734 -0.841978 -0.385481 -0.440307 -0.726032 -0.204144 0.297574 0.392919 0.296147 0.113048 0.000637 -0.088759 1.139406 1.173836 0.810114 0.424075 0.016561 -0.105112 1.020230 0.444049 -0.055786 0.478914 0.350971 0.357626 0.339764 0.333458 0.150861 -0.004129 -0.103018 -0.147428 1.197148 1.328483 1.034431 0.650887 0.482000 0.048404 -0.758020 1.193225 -0.154255 0.267850 -0.074752 -0.090990 -0.097242 0.080098 0.009996 -0.077072 -0.163672 -0.184784 1.195146 1.395384 1.152187 0.785927 0.469984 0.074872 -0.752706 -0.761981 -0.184203 -0.139746 -0.136409 0.037592 -0.071827 -0.038966 -0.047114 -0.082748 -0.174259 -0.199593 1.115738 1.293049 1.052997 0.721056 0.355976 -0.040312 -0.552225 -0.662004 -0.508385 -0.618913 -0.170930 0.028618 0.119804 0.115984 0.062836 -0.020029 -0.133172 -0.190697 0.978788 1.092756 0.845963 0.554664 0.248201 -0.057927 -0.395777 -0.531296 -0.419249 -0.380459 -0.043478 0.106800 0.271142 0.294759 0.209746 0.065367 -0.082349 -0.166510 0.803261 0.864386 0.634141 0.378154 0.126792 -0.105956 -0.294940 -0.411802 -0.317058 -0.107240 0.044920 0.207268 0.322927 0.329755 0.219143 0.064471 -0.063162 -0.135315 0.613397 0.625981 0.422339 0.194955 -0.017910 -0.192325 -0.288933 -0.315516 -0.219208 -0.082911 0.013897 0.126131 0.221960 0.214942 0.126221 0.019560 -0.064342 -0.103123 0.420869 0.382261 0.204915 -0.000243 -0.188233 -0.327845 -0.397555 -0.383644 -0.300541 -0.213224 -0.135078 -0.041654 0.041683 0.058127 0.016022 -0.035116 -0.073264 -0.073921 0.268309 0.191951 0.038112 -0.147862 -0.318349 -0.432377 -0.474710 -0.456911 -0.394174 -0.316638 -0.238752 -0.161446 -0.096322 -0.066783 -0.070872 -0.077619 -0.080509 -0.051821 0.023324 -0.071494 -0.152648 -0.256706 -0.352434 -0.418156 -0.445976 -0.447254 -0.426755 -0.386942 -0.333670 -0.276720 -0.221874 -0.172308 -0.129619 -0.089159 -0.058797 -0.012849 0.049275 0.103102 0.125637 0.154888 0.182087 0.211677 0.242215 0.272148 0.294423 0.291985 0.265012 0.231345 0.197146 0.160388 0.123322 0.088023 0.063086 0.021520 0.158800 0.292891 0.340221 0.413244 0.478219 0.499954 0.475588 0.441997 0.415545 0.407988 0.410508 0.381926 0.321800 0.269670 0.234970 0.198529 0.169888 0.087070 0.219207 0.394586 0.460820 0.584468 0.705563 0.716091 0.604402 0.460360 0.342233 0.332571 0.409047 0.407216 0.312209 0.247640 0.237242 0.224725 0.209660 0.120709 0.295437 0.528581 0.621643 0.776147 0.901440 0.834040 0.576422 0.267555 0.134270 0.175420 0.349713 0.414695 0.297258 0.217104 0.224010 0.234484 0.239030 0.153123 0.373308 0.677835 0.801574 0.904294 0.867035 0.615859 0.266066 -0.295916 -0.465288 -0.169110 0.130843 0.337097 0.270572 0.173283 0.194985 0.211705 0.235328 0.167359 0.461018 0.797508 0.909478 0.905503 0.892978 0.874611 0.394267 -0.091603 -0.718627 -0.190377 0.306675 0.318378 0.257697 0.108503 0.146676 0.184953 0.219469 0.165348 0.561082 0.832029 0.881969 1.068906 1.003275 0.316736 -0.318201 0.617794 0.254520 -0.471046 0.320424 0.105276 0.204446 0.164053 0.089071 0.167779 0.205505 0.145593 0.696509 0.852616 0.701742 0.679641 0.513390 0.184204 0.146851 0.098026 -0.761574 -1.140751 0.534692 0.628246 0.704526 0.281755 0.195807 0.189003 0.191396 0.108415 0.890024 0.952622 0.557905 0.074571 0.395588 1.016533 0.227015 -0.225419 -1.476846 -0.429307 1.107925 -0.388399 0.211492 0.241154 0.306602 0.254472 0.182607 0.053936 1.090948 1.102732 0.582718 -0.129015 -0.604109 1.189876 0.141860 0.165345 -1.214360 -0.525775 -0.382812 -1.012599 -0.049506 0.371458 0.395300 0.262258 0.139980 -0.015103 1.248367 1.269512 0.879488 0.787679 -0.905116 -2.506246 -0.880472 -0.681169 -0.224265 -0.541902 -0.483788 0.274662 0.092231 -0.148423 0.221788 0.149187 0.027440 -0.096272 1.360963 1.464359 0.864046 -0.099352 -0.514318 -1.295500 0.852121 -0.410314 -0.401415 -0.017194 0.713394 0.087754 0.648607 0.782230 0.128680 0.024595 -0.090695 -0.169955 1.426923 1.627337 1.269814 0.623803 1.366939 1.158962 -0.242145 0.644453 -0.544352 0.135626 -0.353505 -1.493922 -0.604311 0.154560 0.077187 -0.064212 -0.175642 -0.217203 1.425312 1.672848 1.453465 1.322322 1.703700 1.140528 -0.935087 0.121447 -0.026002 -0.215072 -0.458585 0.154467 0.283312 0.082315 0.121054 -0.081910 -0.190105 -0.236789 1.334969 1.524003 1.284467 1.105743 1.121457 0.374734 -0.468616 -0.194072 -0.241390 0.247023 0.699213 0.365151 0.531245 0.140060 0.117400 0.021476 -0.123065 -0.228057 1.178869 1.280380 1.027554 0.934071 0.957558 0.285527 -0.670223 -0.399609 0.283153 -0.482675 0.714156 0.477742 0.523606 0.445148 0.349000 0.186959 -0.046303 -0.200530 0.978794 1.035839 0.788915 0.678605 0.632813 0.369732 -0.003838 -0.133289 -0.634965 -0.693822 -0.210159 0.301767 0.349903 0.477917 0.420807 0.186956 -0.027144 -0.163529 0.757069 0.778995 0.550968 0.362548 0.220842 0.118950 0.045956 -0.235220 -0.243895 -0.065936 0.046202 0.291724 0.408199 0.393254 0.274219 0.097011 -0.042919 -0.125119 0.520280 0.479779 0.271529 0.047032 -0.150601 -0.311347 -0.409085 -0.414656 -0.288919 -0.186701 -0.088008 0.168546 0.248324 0.167490 0.086199 -0.003283 -0.071781 -0.090902 0.328141 0.232424 0.043077 -0.186380 -0.398964 -0.551019 -0.616222 -0.579213 -0.462862 -0.345292 -0.236027 -0.103832 -0.027772 -0.019882 -0.051303 -0.080886 -0.095338 -0.065126 0.021180 -0.105198 -0.210595 -0.349538 -0.479639 -0.566034 -0.596708 -0.588298 -0.549211 -0.486286 -0.409305 -0.332175 -0.263602 -0.207690 -0.163779 -0.118063 -0.079695 -0.017857 0.054489 0.112970 0.137111 0.168568 0.198851 0.235061 0.276670 0.323189 0.364064 0.372018 0.345390 0.307815 0.267341 0.221549 0.173620 0.126109 0.091564 0.032288 0.178255 0.323387 0.373056 0.452608 0.524523 0.544817 0.511285 0.471493 0.446190 0.450181 0.468641 0.439051 0.362401 0.304208 0.277659 0.247515 0.221305 0.121741 0.246409 0.437483 0.510290 0.656494 0.807834 0.831803 0.674950 0.487601 0.347267 0.341938 0.451694 0.443745 0.303690 0.225569 0.241990 0.258132 0.261312 0.166765 0.331494 0.586122 0.689093 0.873332 1.042714 1.023523 0.470640 -0.046655 0.244235 0.154387 0.176629 0.260955 0.170971 0.137335 0.191453 0.247702 0.285721 0.208271 0.416628 0.747941 0.879162 1.007141 1.054573 0.883476 0.500630 -0.715613 -0.680453 -0.134416 0.269164 0.112881 0.104115 0.079653 0.145748 0.209124 0.271348 0.222067 0.511415 0.878405 0.972301 0.989326 1.569302 0.774645 -0.289110 0.076513 -2.695192 -0.462497 0.885011 0.354563 -0.181957 0.037310 0.096952 0.160334 0.245039 0.215028 0.619031 0.919863 0.911441 0.867142 0.626691 0.212603 -0.840138 0.435839 -1.396155 -0.210590 0.821393 -0.063511 -0.648808 -0.045714 0.093132 0.132645 0.223440 0.189303 0.770544 0.944388 0.557471 -0.000668 -0.169496 0.740851 0.077350 -0.108258 -0.344537 0.026602 0.240709 0.502575 1.818506 -0.066579 0.021652 0.190151 0.210006 0.146181 0.996643 1.068991 0.432158 0.081860 0.218551 0.451246 -0.856662 -0.894341 -0.481051 0.705054 -0.099745 -0.737284 0.523956 -0.196294 -0.018015 0.261187 0.200871 0.086833 1.232812 1.260859 0.494794 -0.204344 -1.102715 -0.518500 -0.799400 -0.214146 -0.625344 0.024626 -0.083950 -0.454299 -0.466481 0.896783 0.271010 0.280729 0.148167 0.009378 1.413865 1.347185 0.309816 0.748328 -0.243898 -0.794872 -1.090104 -0.170302 0.187250 0.092430 -0.137399 0.024468 -0.033813 0.409993 0.387236 0.175155 0.034922 -0.086693 1.538267 1.582834 0.458618 -0.583460 0.834268 -0.331092 -1.214851 -0.616544 -0.604142 -0.418366 0.301314 0.055165 0.374819 0.322978 0.190785 0.065562 -0.068628 -0.175967 1.602753 1.780682 1.511399 0.561872 0.855141 0.045185 -0.006306 0.252566 -1.047389 0.040826 0.356175 0.003191 -0.020382 -0.604442 0.274757 0.037560 -0.158179 -0.234343 1.593096 1.789598 1.572131 1.450430 0.672553 -0.024075 -0.521596 0.089304 -0.337054 -0.040074 -0.627860 0.604206 0.025644 -0.492488 0.622827 -0.021181 -0.183681 -0.260308 1.494296 1.614098 1.332406 0.881550 0.993890 1.086707 0.244388 0.028004 0.075360 0.080122 -0.201009 0.676488 -1.106029 -0.147805 0.438394 0.076897 -0.103942 -0.252679 1.328068 1.380851 1.106524 0.812339 1.566306 0.642548 -0.420601 0.546775 -0.285596 -0.063917 0.926347 0.665075 0.630182 1.381149 0.441505 0.251652 -0.013840 -0.223151 1.114805 1.157015 0.909140 0.839338 0.913403 0.181518 -0.873037 -0.257449 -0.893877 -0.011223 0.353667 0.682212 0.426898 0.638662 0.465041 0.279417 0.009085 -0.183212 0.872003 0.900630 0.655488 0.469622 0.327868 0.301634 -0.074226 -0.615289 -0.058342 -0.250280 -0.488014 0.366710 0.572083 0.474463 0.384096 0.183285 -0.015963 -0.141686 0.598673 0.553904 0.317762 0.051735 -0.188664 -0.300739 -0.328190 -0.425603 -0.343765 -0.265579 -0.194295 0.339787 0.533706 0.294810 0.160264 0.035827 -0.065334 -0.104687 0.371995 0.251570 0.026908 -0.257661 -0.531483 -0.723515 -0.775542 -0.712504 -0.561965 -0.418468 -0.278782 -0.053210 0.069675 0.038902 -0.029783 -0.082416 -0.108443 -0.076651 0.013193 -0.147888 -0.278055 -0.453618 -0.620812 -0.731864 -0.768838 -0.749617 -0.686821 -0.597070 -0.495147 -0.394596 -0.308174 -0.244173 -0.199355 -0.148534 -0.101788 -0.023054 0.056845 0.117600 0.143412 0.179351 0.216775 0.261303 0.312956 0.375009 0.434965 0.457574 0.437565 0.396831 0.345116 0.286688 0.227239 0.167210 0.122659 0.044361 0.190793 0.337231 0.381644 0.450665 0.511666 0.536882 0.523834 0.503356 0.490917 0.504253 0.527237 0.491343 0.401552 0.340050 0.321768 0.298189 0.275234 0.158996 0.264976 0.452477 0.510151 0.623908 0.742254 0.786157 0.685748 0.537482 0.396156 0.372255 0.455706 0.426701 0.278688 0.209413 0.252102 0.294287 0.315838 0.215738 0.357113 0.591682 0.656904 0.770276 0.852215 0.857360 0.410397 0.069150 0.321814 0.165864 0.067074 0.136272 0.089858 0.074774 0.169817 0.272191 0.340014 0.266424 0.448195 0.723871 0.776520 0.769711 0.502586 0.582107 1.101747 -0.126288 -0.911098 0.493910 0.019488 -0.966189 -0.135605 0.064734 0.116702 0.235221 0.327945 0.279353 0.546850 0.837487 0.826707 0.631842 1.005734 0.500821 -0.877606 -0.391776 -3.574374 -0.237460 -0.350876 -0.383847 -1.327801 -0.259017 0.049517 0.162165 0.296802 0.267977 0.654760 0.908886 0.788384 0.094493 -0.191249 0.249786 -0.725521 0.907368 -0.745494 0.532942 -1.039991 0.715462 0.175274 -0.449330 -0.078366 0.167299 0.254156 0.239557 0.809585 0.988788 0.703376 -0.039823 -0.183951 0.146974 0.565292 0.615495 -1.865684 -0.581485 -0.255237 -0.646941 0.989654 1.000276 -0.255924 0.244157 0.244051 0.195521 1.048483 1.135800 0.629030 0.634023 0.607579 0.118898 -0.228500 0.449385 0.058307 0.369458 0.046026 -0.137808 -1.249348 0.567071 0.438131 0.216503 0.200527 0.135976 1.305553 1.307235 0.531685 0.780032 0.860034 -0.821787 -0.727365 -0.066865 -0.067607 0.056322 0.368838 0.514386 -0.557685 -0.047296 0.307708 0.191911 0.055897 0.051880 1.514385 1.332554 -0.028959 -0.472724 -0.629056 -0.192609 -0.504028 0.389477 0.112862 -0.105223 -0.074623 0.114557 0.156748 0.362020 0.415085 0.168468 -0.022709 -0.056942 1.655172 1.271421 -0.452892 -0.971295 0.241861 0.168279 -0.232519 0.252131 0.141609 -0.261478 0.000440 -0.063398 0.091890 0.089139 -0.092236 0.135931 -0.050220 -0.160807 1.707549 1.265003 -0.196117 -0.840516 -0.461249 -0.190657 0.082623 0.104455 -0.024608 -0.188310 -0.024533 0.100538 0.236508 -0.242357 0.108014 0.255197 -0.088217 -0.230463 1.680413 1.688542 1.413694 0.713079 0.014589 0.155734 0.446715 -0.176233 -0.085344 -0.025034 0.083710 0.636567 0.752706 -0.405444 0.413153 0.237927 -0.102997 -0.263304 1.577139 1.585008 1.206938 1.053905 -0.457295 -0.755665 0.031257 -0.024924 0.328241 -0.064330 -0.296264 1.632672 0.226824 -0.871570 0.603146 0.223080 -0.064701 -0.257595 1.411353 1.389730 0.877976 0.195826 0.852182 0.641090 -0.990362 0.523149 -0.919853 0.518666 -0.324300 -0.441097 -1.538700 0.441684 0.576222 0.221758 -0.016858 -0.227543 1.194999 1.233101 0.935406 0.627667 1.191343 1.747739 -0.546218 1.108505 -0.219910 0.898008 0.369322 -0.050715 0.378548 0.510274 0.278246 0.237737 0.016477 -0.189097 0.941094 0.988687 0.730113 0.394312 0.234640 0.229760 -0.823111 -0.512129 0.571266 0.586633 -0.386825 0.434762 0.883004 0.609810 0.432944 0.225379 0.001716 -0.149830 0.642619 0.598369 0.340967 -0.024465 -0.335093 -0.390473 -0.359020 -0.540579 -0.508328 -0.452892 -0.351769 0.105665 0.667007 0.560309 0.230334 0.064690 -0.060501 -0.113212 0.391181 0.245257 -0.009779 -0.366665 -0.732606 -0.947230 -0.951292 -0.943326 -0.756878 -0.585201 -0.423106 -0.160170 0.096379 0.125608 -0.018203 -0.090295 -0.121618 -0.084616 -0.000935 -0.196201 -0.348377 -0.556402 -0.757355 -0.896435 -0.948890 -0.925757 -0.838614 -0.724394 -0.602659 -0.479865 -0.368299 -0.287972 -0.237808 -0.179022 -0.123115 -0.027737 0.057953 0.120228 0.147736 0.188580 0.233619 0.285520 0.344397 0.417155 0.490692 0.525606 0.513277 0.470498 0.408103 0.338680 0.270447 0.200773 0.148238 0.054441 0.200136 0.346277 0.384373 0.438778 0.483054 0.510721 0.519566 0.520141 0.521023 0.541159 0.565194 0.526954 0.434080 0.373207 0.359553 0.339554 0.319171 0.189638 0.279131 0.459560 0.497573 0.563384 0.624353 0.666785 0.664797 0.575046 0.430446 0.391809 0.435487 0.392983 0.274802 0.214152 0.269535 0.325608 0.360786 0.256016 0.376075 0.583924 0.603723 0.627657 0.564398 0.489214 0.587921 0.425376 0.296365 0.435002 0.598754 0.543644 0.220226 0.023663 0.167747 0.299214 0.387553 0.314708 0.469456 0.678641 0.646072 0.459657 -0.360669 -0.216065 0.317379 -0.108461 -0.048071 1.656040 -0.449782 -1.904406 -0.383744 -0.059711 0.106678 0.278660 0.384323 0.328259 0.566423 0.769691 0.689737 0.336889 -0.212425 0.913878 -1.341363 -1.496725 -2.440494 0.658720 -0.693295 -1.377684 -0.224331 -0.298586 -0.016740 0.211709 0.361150 0.314899 0.666758 0.871245 0.797838 0.600199 0.523472 1.070608 -0.560461 0.135609 -0.425509 -0.368393 0.422604 0.070968 1.544376 -0.799371 -0.375914 0.234347 0.323163 0.285578 0.813447 0.986304 0.873953 0.832014 0.854350 0.594132 -0.072845 -1.065002 -2.555200 -0.476676 0.375784 -0.859314 -0.648243 0.077300 -0.373674 0.227103 0.281071 0.241425 1.048945 1.116271 0.779857 0.525264 0.048050 0.611473 0.506630 0.163545 -1.046130 0.194901 0.500287 0.148305 -1.523014 -1.047445 -0.057035 -0.067805 0.171179 0.181389 1.314470 1.248879 0.638709 0.356622 -0.320923 -1.442804 0.092081 0.349604 -0.314726 0.423207 0.808898 0.765882 0.048427 -0.200184 0.732781 -0.097138 -0.055186 0.093687 1.551154 1.360750 0.569075 -0.199438 -1.947006 -1.891696 -0.457053 -0.987712 -0.977922 -0.488922 0.277107 0.457714 0.193717 -0.585820 -0.305614 0.121769 -0.083678 -0.021124 1.711355 1.204803 0.045018 0.436197 -0.925454 -0.474833 -0.246838 -0.495733 -0.361293 -0.476301 -0.108924 -0.192844 -0.102060 -0.033732 -0.126864 0.331051 -0.007954 -0.132110 1.748318 0.843271 -1.140926 -0.824009 -2.094851 -0.894413 -0.268947 -0.424685 -0.344371 -0.187770 -0.564280 -0.496713 -0.125778 0.258411 0.692915 0.477406 -0.000690 -0.209487 1.700738 1.506848 0.938391 0.841442 1.644465 0.235907 -0.297063 -0.872781 -0.218652 0.083780 -0.022100 0.153547 0.669261 1.074362 0.327658 0.411051 -0.001291 -0.247874 1.597148 1.636554 0.861378 0.594474 0.125199 -0.423701 -0.246086 0.079152 0.065965 0.014213 0.118386 0.834969 2.243275 0.730401 0.381860 0.418781 -0.008709 -0.244666 1.437597 1.454279 0.752134 0.945206 -0.251838 -1.212171 -0.612851 -0.343235 -0.607997 -0.016009 0.128775 0.427219 -0.256030 -0.087793 1.194730 0.283622 -0.029118 -0.217917 1.220924 1.293098 0.981801 0.563096 0.576829 -0.082305 1.258289 0.362705 -0.039926 -0.603557 0.178698 -0.995328 0.419002 0.975042 0.574405 0.269304 0.004539 -0.185276 0.960424 1.027407 0.770857 0.190095 -0.131951 -0.351428 -0.932187 -0.490394 0.344691 0.583260 0.511869 0.827347 1.683115 0.897668 0.634590 0.284706 0.010288 -0.151597 0.648982 0.598311 0.324509 -0.157757 -0.479931 -0.297767 -0.551135 -0.682214 -0.687061 -0.527669 -0.377978 -0.105955 0.528742 0.611794 0.279973 0.081390 -0.059295 -0.117430 0.385566 0.214294 -0.061288 -0.478895 -0.918285 -1.132177 -1.166638 -1.114405 -0.883385 -0.737134 -0.593203 -0.298710 -0.047168 0.094066 -0.025395 -0.101297 -0.133036 -0.089326 -0.017308 -0.238617 -0.404446 -0.630422 -0.848065 -1.002195 -1.066273 -1.041742 -0.941572 -0.817557 -0.689123 -0.552837 -0.422310 -0.325549 -0.267933 -0.201758 -0.138845 -0.031196 0.059359 0.123956 0.153116 0.197391 0.246898 0.302552 0.364015 0.438860 0.514498 0.552773 0.544008 0.500702 0.433759 0.360267 0.289415 0.216175 0.160122 0.059215 0.209808 0.362010 0.399213 0.447812 0.481529 0.500302 0.504198 0.503795 0.507215 0.531297 0.560902 0.533595 0.454418 0.399360 0.383002 0.360410 0.340452 0.204395 0.292828 0.478245 0.509183 0.550982 0.575941 0.596573 0.589281 0.506531 0.384069 0.355731 0.424188 0.381467 0.280727 0.252063 0.295944 0.344242 0.383483 0.275884 0.391788 0.600890 0.607516 0.599713 0.506300 0.403447 0.248623 -0.119303 -0.005433 0.031123 0.581747 0.532238 0.138938 0.044315 0.201366 0.319582 0.413703 0.340115 0.481380 0.684515 0.638024 0.479343 -0.352244 -1.241435 -0.584367 -0.757110 -0.138965 -0.572951 -0.715621 -1.369862 -0.270713 -0.132225 0.138300 0.311981 0.418828 0.357678 0.568636 0.768708 0.692917 0.468767 -0.392274 -0.890983 -0.535869 0.159031 -1.124835 -0.552542 0.066577 -0.181835 -0.266163 -0.520118 0.035325 0.270263 0.408181 0.346273 0.652785 0.880592 0.851671 0.853703 0.865469 0.711758 -0.670651 -0.362309 -0.754354 -0.540456 -0.062179 -1.147059 0.891985 0.134657 -0.181637 0.293267 0.389287 0.315890 0.781219 0.982755 0.914134 0.835657 0.838993 1.013268 -0.655728 -0.411933 -0.457779 0.478619 0.499702 -0.720356 -0.673227 0.920497 0.162741 0.359817 0.342955 0.268975 1.000766 1.036108 0.675643 -0.055101 -0.938040 -0.097412 -0.807979 -0.742753 -0.217843 0.367190 0.406669 0.374906 -0.106596 -0.391697 0.057612 0.082928 0.171395 0.205484 1.263319 1.085740 0.403759 -0.516717 -1.053406 -0.361514 -0.102404 -0.125613 0.479519 0.668662 0.505409 0.748451 0.157914 -0.796287 -1.041802 -0.588073 -0.095918 0.118026 1.520776 1.185405 0.346187 -0.331553 -0.885875 -1.082346 -0.741023 -0.050855 -0.333542 -0.119947 0.254666 0.631983 0.266548 -0.256270 -0.489666 0.049191 -0.101984 0.007863 1.699530 1.148998 0.042594 0.966777 0.604569 -0.074466 0.330220 -0.103445 0.283582 -0.109579 0.308350 0.189509 0.038112 0.059899 -0.124610 0.306725 0.000466 -0.099067 1.726026 0.833804 -0.880896 -1.568221 -2.391275 -0.837181 -0.008098 -0.393745 -0.038872 0.072930 -0.065533 -0.331257 -0.350598 0.126263 0.318999 0.439121 0.055251 -0.175110 1.663793 1.365704 0.690941 -0.137765 1.778580 -0.429700 -0.548223 -0.897517 -0.051749 0.193867 -0.032738 -0.049880 0.174640 0.346409 -0.919618 0.147131 0.073553 -0.216410 1.564902 1.595429 1.427258 0.271995 -0.841392 -0.132191 -0.008703 0.270334 0.071451 -0.081905 -0.159695 0.106118 1.519694 -0.053697 0.144477 0.441234 0.063729 -0.216468 1.413919 1.575182 1.385317 0.890113 -0.493168 -0.475474 -0.573167 -0.019223 -0.464232 0.131694 0.582279 1.514114 -0.787029 -1.729729 0.923241 0.292407 -0.005721 -0.197206 1.192744 1.348333 1.100777 0.181869 0.559743 -0.842847 0.367441 1.097704 -0.291140 -0.436789 -0.363891 -0.491063 -1.269389 1.155651 0.732662 0.237404 -0.005014 -0.174736 0.925097 0.995024 0.749425 0.177854 -0.373512 -1.182518 -1.483582 -0.060430 0.616175 0.062283 -0.521140 1.101693 1.645413 0.778732 0.625242 0.284105 0.006836 -0.148828 0.613992 0.538103 0.252837 -0.264600 -0.781166 -0.728256 -0.849275 -0.466243 -0.131442 -0.590819 -0.450615 -0.101219 0.307707 0.422245 0.243237 0.075489 -0.063822 -0.118183 0.354607 0.159161 -0.122039 -0.559995 -1.021032 -1.271312 -1.249261 -0.990648 -0.823324 -0.793898 -0.648724 -0.379864 -0.149032 0.008896 -0.050776 -0.112058 -0.140745 -0.091010 -0.032072 -0.263533 -0.428952 -0.647874 -0.851405 -0.993607 -1.048987 -1.021931 -0.932480 -0.824530 -0.710335 -0.578501 -0.443069 -0.340629 -0.278293 -0.208847 -0.144065 -0.032705 0.060927 0.128470 0.159084 0.204799 0.254813 0.309690 0.368674 0.438535 0.507836 0.542246 0.532826 0.490070 0.424246 0.352584 0.283930 0.212596 0.157665 0.058507 0.218907 0.383049 0.425258 0.478295 0.511397 0.519966 0.505383 0.486607 0.476253 0.493890 0.526337 0.514272 0.456830 0.410643 0.388418 0.360060 0.338473 0.202556 0.304834 0.506988 0.545182 0.592504 0.612671 0.603901 0.529417 0.408050 0.309293 0.285637 0.338162 0.291919 0.289201 0.297854 0.321002 0.350718 0.384393 0.274151 0.403258 0.639611 0.664570 0.675170 0.578313 0.456523 0.059049 -0.573857 -0.125699 -0.098937 0.185349 0.018742 0.078098 0.158671 0.251820 0.334600 0.419821 0.340496 0.484465 0.734482 0.733680 0.641429 0.230854 0.213536 0.565318 -0.347858 -0.099441 -1.106071 -2.040400 -0.935460 -0.055105 0.051716 0.178126 0.331660 0.432308 0.363851 0.555810 0.820365 0.813284 0.681402 0.389629 0.312988 -0.705871 -0.626547 -0.444591 -1.349557 0.261466 1.152405 0.131627 -0.112247 0.065386 0.301166 0.431388 0.357900 0.616440 0.912650 0.952036 0.989177 1.298925 0.720078 -0.699304 -1.035312 -0.568644 -0.425884 0.088409 -1.275316 1.181042 -0.606583 -0.249811 0.325163 0.418680 0.328490 0.717193 0.959116 0.877938 0.547750 0.707520 0.619404 -0.462077 -0.423355 -0.650252 -0.026289 0.335718 -1.323135 -1.049477 1.073205 -0.224744 0.278275 0.364410 0.280357 0.908212 0.876388 0.261366 -0.322888 0.138710 0.282968 -0.483867 -0.739820 -0.718506 0.335444 0.647243 0.800683 -0.564334 0.179563 0.932650 0.258754 0.174553 0.215598 1.154959 0.758859 -0.347450 -0.615666 -0.146693 -0.178625 -0.222205 -0.244414 -0.618673 -0.119745 1.026984 1.657710 0.177419 -0.801793 -0.383985 -0.068192 0.015397 0.133145 1.424545 0.932525 -0.410421 -1.559832 -1.260387 -1.142825 -0.486849 -0.340939 -1.466112 0.209564 1.313999 1.625399 0.431096 -0.376370 -0.215058 0.110182 -0.051011 0.030626 1.618120 1.049105 -0.576475 -0.927633 -0.684569 -0.424871 0.443402 -0.061314 0.257695 0.162650 0.666574 0.747383 0.310844 0.022530 -0.285284 0.203403 0.014810 -0.067335 1.638968 1.053188 -0.092757 0.026789 -0.651351 0.280036 0.513553 -0.291633 -0.136733 -0.576106 -0.119393 -0.435500 -0.240833 0.419145 -0.119479 0.325314 0.119792 -0.137694 1.566320 1.342606 0.329336 0.427235 1.293901 0.591059 -0.088346 -0.931008 -0.657351 -0.712390 -0.600860 -0.616850 0.043487 0.288749 -1.211431 0.092311 0.083501 -0.179711 1.467196 1.391756 0.420168 1.064040 -0.198446 -1.100057 0.035602 0.096441 -0.590947 -0.284626 -0.233834 0.257724 1.625100 0.808934 0.719442 0.227093 0.028109 -0.186217 1.319233 1.504119 1.149554 0.604687 1.422294 -0.088321 -1.018775 -0.549074 -1.007530 -0.012851 0.350413 0.780780 -1.438915 -1.564081 1.707126 0.292771 -0.026909 -0.174989 1.098102 1.277301 1.027940 -0.192816 0.195665 -0.520617 0.147022 1.360240 -0.729765 0.444186 -0.005841 -1.517430 -0.547550 1.538185 0.762771 0.211646 -0.019183 -0.161321 0.834484 0.860499 0.589771 0.015637 -0.687967 -1.405103 -1.045428 -0.293095 0.053987 0.180320 0.025385 1.849946 0.995934 0.784246 0.594325 0.244588 -0.009764 -0.143032 0.541358 0.421124 0.127879 -0.400182 -1.012051 -1.116534 -0.763643 -0.488163 -0.075679 -0.702531 -0.529190 0.040727 0.305573 0.420296 0.257723 0.059225 -0.074837 -0.115864 0.302291 0.083505 -0.190817 -0.608929 -1.031383 -1.201523 -1.014518 -0.787889 -0.701593 -0.655372 -0.560409 -0.361133 -0.076496 0.058087 -0.057866 -0.122727 -0.145405 -0.089717 -0.043625 -0.270006 -0.423660 -0.618225 -0.787818 -0.895469 -0.922858 -0.890621 -0.817994 -0.735297 -0.649074 -0.540319 -0.417800 -0.323750 -0.266803 -0.200831 -0.139199 -0.032165 0.062514 0.133433 0.165149 0.209785 0.255522 0.304180 0.355190 0.414540 0.472107 0.497153 0.482757 0.441191 0.381694 0.316746 0.253759 0.189202 0.140210 0.052135 0.226496 0.407948 0.461526 0.530670 0.576865 0.583952 0.550675 0.500773 0.454814 0.448084 0.473464 0.472061 0.435542 0.399142 0.372058 0.337776 0.312602 0.183394 0.313873 0.544161 0.605670 0.693718 0.754332 0.743995 0.617855 0.425227 0.275454 0.219862 0.282835 0.305224 0.317633 0.323258 0.334281 0.345516 0.363944 0.249605 0.409427 0.697008 0.771055 0.863213 0.880589 0.701455 0.452148 -0.094841 -0.106559 -0.034668 0.140202 0.021325 0.100692 0.213064 0.291967 0.345378 0.407218 0.313674 0.479135 0.821413 0.913608 0.979361 1.019831 0.299252 0.310313 0.458955 -0.440314 0.514132 -0.368704 -0.367296 0.005849 0.056402 0.202038 0.343239 0.425799 0.342992 0.530184 0.910306 1.022102 1.101456 1.075348 -0.504678 -2.406442 -0.516134 -3.199444 -0.846467 1.008404 0.442885 -0.283412 0.118421 0.148683 0.309945 0.430822 0.345706 0.561228 0.941817 1.067771 0.993079 0.367983 -0.623205 -1.345274 -0.247820 -1.510454 -0.737244 0.039372 -0.468095 0.190941 -1.269510 -0.030400 0.335270 0.423225 0.322884 0.625509 0.879984 0.739021 0.194240 0.093030 0.501430 -0.012146 -0.824992 -1.312802 -0.518091 -0.254229 -0.518071 0.368854 0.560325 0.284138 0.333009 0.373622 0.278526 0.775397 0.648936 0.147598 0.475594 1.171728 0.218064 -1.013920 -0.351349 -0.809136 -0.183556 0.474162 0.083609 -1.619257 -0.006140 0.462361 0.227676 0.239219 0.216590 0.993435 0.502021 -0.443060 0.240481 0.553313 -0.315055 -0.890180 -0.043504 -0.126574 0.154488 0.748940 1.008502 -0.116018 0.610647 0.623032 0.247669 0.149366 0.139416 1.263660 0.812073 -0.395818 -1.150602 -0.667099 0.067485 -0.192770 -0.113758 -0.252430 0.717962 0.892962 1.154036 0.031919 0.025476 0.055329 0.111579 0.067925 0.045415 1.466259 1.120853 -0.589495 -1.648978 -0.903805 -1.115506 -0.679690 -0.683563 0.173676 0.472766 0.615020 0.701318 -0.141947 -0.088381 0.203462 0.188912 0.055469 -0.042786 1.484505 1.321349 -0.001006 0.263517 0.406415 0.795747 1.137550 -0.266445 -0.520407 -0.354259 0.121219 -0.126989 -0.466327 -0.064503 0.638577 0.399540 0.032059 -0.107888 1.398845 1.439494 0.193730 -0.193701 0.149017 0.079244 0.104714 -0.503238 -0.771836 -0.629099 -0.230374 -0.382593 0.337172 0.242570 0.188471 0.145632 -0.052125 -0.148479 1.285675 1.154654 -0.291604 0.660432 1.008983 -0.778481 -0.572459 0.443452 -0.523892 -0.191498 -0.190830 1.022896 1.228547 -0.475773 0.301921 0.029471 -0.096758 -0.160393 1.132693 1.184503 0.874948 -0.072226 -0.219772 0.832356 -0.111201 -0.267225 -0.845700 -0.591265 -0.510938 0.290016 -2.016796 -0.176005 0.914030 0.013677 -0.112839 -0.156861 0.924686 0.980813 0.782765 -0.488704 -1.171488 -0.504475 -1.260552 0.951254 0.710032 0.557802 0.243343 -0.252088 0.994934 1.172619 0.550519 0.089170 -0.072679 -0.149315 0.687925 0.609075 0.326223 -0.154721 -0.580028 -0.932209 -1.195727 -1.118829 0.119197 0.142815 -0.782336 1.451637 0.813402 0.650483 0.541296 0.159934 -0.047427 -0.135782 0.434745 0.252105 -0.038971 -0.501922 -0.897430 -0.807867 -0.465063 -0.263733 0.031430 -0.187550 -0.404290 -0.065872 0.346376 0.554065 0.263389 0.019691 -0.093110 -0.110849 0.232577 -0.009032 -0.266374 -0.624424 -0.942979 -0.958973 -0.688451 -0.513695 -0.442578 -0.413854 -0.401333 -0.290664 -0.036927 0.066623 -0.078449 -0.133808 -0.147654 -0.085485 -0.050367 -0.257067 -0.390299 -0.550886 -0.677886 -0.737230 -0.721750 -0.671260 -0.603558 -0.542019 -0.490227 -0.422510 -0.340071 -0.275001 -0.233202 -0.178232 -0.124658 -0.029477 0.062178 0.134598 0.166716 0.209211 0.249310 0.289484 0.329294 0.374060 0.415741 0.428995 0.409419 0.370536 0.320013 0.264582 0.209875 0.155179 0.114770 0.042717 0.226279 0.419708 0.483631 0.567849 0.627739 0.637560 0.592754 0.517983 0.439527 0.406044 0.417229 0.419161 0.398322 0.369992 0.339362 0.300497 0.271694 0.154204 0.312125 0.563003 0.645867 0.771956 0.874243 0.879826 0.754614 0.526342 0.293598 0.194618 0.252037 0.309011 0.325822 0.331794 0.334107 0.328017 0.327729 0.211496 0.402258 0.728224 0.845309 1.005729 1.114727 0.964058 0.630697 0.074042 -0.122915 -0.201867 -0.003571 0.118447 0.189412 0.282867 0.326652 0.348193 0.379292 0.269817 0.460148 0.871583 1.042190 1.187699 1.314962 0.852994 0.244146 0.275000 -0.802196 -0.475156 -0.431955 -0.083890 0.005917 0.172204 0.308967 0.357096 0.405982 0.303383 0.492629 0.953700 1.174855 1.484555 1.783152 1.258378 -0.528978 1.007268 -2.442937 -0.257950 0.073537 0.341439 0.089326 0.260136 0.262930 0.343170 0.418451 0.314966 0.497985 0.919676 1.210206 1.382248 -0.317190 -0.395161 -0.430252 1.715099 -0.871960 0.019312 1.172974 0.629252 -0.014049 0.050796 0.212200 0.328072 0.413982 0.301398 0.529186 0.747920 0.497693 -0.258879 -0.755295 1.370841 0.232462 -0.039701 0.125357 0.336493 -0.539521 0.049536 1.565319 -0.361647 0.086226 0.316312 0.372002 0.264902 0.638509 0.456213 -0.078357 -0.337434 0.310138 0.202101 -1.040660 0.002640 0.296340 -0.084448 -0.265513 -0.337034 0.168275 -0.001969 0.098132 0.295816 0.307738 0.209877 0.822237 0.444857 -0.159445 -1.100708 -0.886461 -0.333071 -1.401233 -0.345904 0.220054 -0.444595 -0.464438 -0.314084 0.122240 2.012244 0.831245 0.364488 0.281896 0.141341 1.074655 0.787580 0.363551 0.401260 -1.313005 0.110562 0.063360 -0.155200 0.510405 -0.271082 -0.766612 -0.338911 -0.256725 0.796220 0.565798 0.285966 0.198244 0.057559 1.271706 1.270167 1.101856 1.539436 0.081723 -1.925192 -1.102306 -0.631188 0.064364 0.029914 -0.404889 -0.197044 -0.252325 0.029410 0.295245 0.180701 0.085115 -0.022493 1.291037 1.501593 1.172897 -0.062420 -0.261635 -0.471880 0.127937 0.049946 -0.359891 0.308927 0.295290 0.282107 0.164616 0.096456 0.186186 0.025743 -0.066846 -0.082279 1.202513 1.504569 1.152092 -0.030567 -0.154987 -0.776470 -0.585272 -0.252513 -0.504996 0.029821 -0.299550 0.060701 0.878776 -0.101342 0.073819 -0.178709 -0.173416 -0.120173 1.075163 1.228556 0.932959 1.012043 0.585230 0.097424 -0.431285 0.352832 -0.088219 -0.300903 -0.520058 0.272794 -0.265888 -0.511442 0.199204 -0.236427 -0.205947 -0.136523 0.914219 0.917697 0.740797 0.161745 -0.833830 -1.232858 -0.240880 -0.316895 0.322939 0.941672 0.035103 0.156322 -0.409340 -0.254507 -0.131287 -0.191786 -0.183951 -0.139496 0.723423 0.614817 0.358942 -0.156589 -0.668759 -1.352866 -0.672890 0.011103 -0.352888 0.750970 0.355894 -0.537490 1.595434 0.429196 0.134668 -0.017063 -0.128210 -0.136373 0.521738 0.333002 0.036298 -0.332408 -0.560682 -0.522259 -0.285282 -0.161892 0.164736 0.319548 -0.259051 -0.446720 0.179233 0.396574 0.267586 0.050032 -0.092213 -0.125561 0.317797 0.080819 -0.196026 -0.565802 -0.846015 -0.723231 -0.335229 -0.005963 0.128113 0.083300 -0.119259 -0.079670 0.331269 0.316197 0.084939 -0.043080 -0.114340 -0.102342 0.159927 -0.094514 -0.327900 -0.615019 -0.833961 -0.820000 -0.573355 -0.326458 -0.202008 -0.157863 -0.202356 -0.156787 -0.034011 -0.062273 -0.127341 -0.145548 -0.147191 -0.078060 -0.052202 -0.230585 -0.340075 -0.465632 -0.553096 -0.571562 -0.520819 -0.447564 -0.377035 -0.330887 -0.309594 -0.283698 -0.249250 -0.218994 -0.191861 -0.149022 -0.105017 -0.025273 0.057904 0.127547 0.158979 0.199670 0.236141 0.268705 0.296336 0.323895 0.346786 0.348910 0.328098 0.294283 0.252863 0.207722 0.163093 0.119600 0.088273 0.032835 0.211683 0.400798 0.466561 0.552014 0.613026 0.625283 0.583472 0.509209 0.426468 0.379450 0.372172 0.367438 0.352540 0.327941 0.295426 0.254881 0.224362 0.122160 0.291392 0.536050 0.620184 0.743615 0.842418 0.857350 0.765475 0.576010 0.353295 0.243348 0.263260 0.301541 0.320873 0.326291 0.318427 0.297231 0.281016 0.168900 0.373225 0.687528 0.804679 0.964057 1.061670 1.002698 0.788414 0.398058 0.076441 -0.036816 0.074787 0.202054 0.284788 0.332804 0.344345 0.338623 0.339023 0.218858 0.421710 0.810326 0.979986 1.138505 1.135717 0.893453 0.524763 0.140543 -0.395249 -0.248926 -0.104060 0.044672 0.166989 0.340428 0.378822 0.369477 0.378798 0.253024 0.443438 0.864815 1.063406 1.207653 1.235733 0.913082 0.429245 0.337318 -0.691635 0.708008 0.411499 0.295857 0.247138 0.340859 0.387538 0.394518 0.406306 0.270736 0.436977 0.796880 0.988705 1.273873 1.065664 -0.319380 -1.026660 0.157013 -0.421612 -0.121911 -0.121267 0.064742 0.314758 0.422030 0.381622 0.405405 0.419042 0.266664 0.450789 0.630259 0.546038 0.533813 0.575831 -0.361680 -1.185020 -1.153171 -0.626347 -0.689117 -0.211855 0.382937 0.280865 0.258535 0.385194 0.414751 0.408032 0.241861 0.532760 0.402225 0.045615 -0.130745 0.096075 0.405080 0.220439 0.598119 -0.348960 -0.509449 0.655008 0.391782 0.068133 0.425055 0.429753 0.405439 0.366238 0.197369 0.680554 0.370978 -0.103500 -1.296540 -1.469589 -0.767325 -0.274312 -0.515032 -0.575377 -0.191437 0.350085 0.535439 0.483645 0.808713 0.561229 0.371674 0.313326 0.138345 0.891193 0.707997 0.210595 -0.394123 -0.776437 -0.976506 -0.854767 -1.023440 0.476115 0.010163 -0.568904 -0.491411 -0.746515 -0.500391 0.255781 0.285750 0.223829 0.067980 1.061701 1.150580 0.958173 1.163077 0.741384 0.217523 1.014929 0.097570 -0.261138 0.424307 -0.868992 -0.207063 0.151609 -0.650468 -0.055274 0.165062 0.101800 -0.000636 1.089845 1.347915 1.303731 1.143367 1.102472 0.095801 -0.245674 0.648346 -0.651683 0.297938 -0.476119 0.172126 0.897175 -0.101851 -0.021060 -0.052807 -0.064532 -0.054729 1.017802 1.305327 1.297998 1.139342 1.469936 0.889807 -0.903658 0.734205 -0.675932 -0.534149 -1.053867 -0.427872 -0.062928 -0.457380 -0.311935 -0.253566 -0.189858 -0.092389 0.887537 1.015110 0.895932 0.595103 0.053657 0.626068 0.044126 0.241380 -0.115352 -0.324336 -0.505512 0.417439 0.421014 -0.391109 -0.415907 -0.285992 -0.222125 -0.112977 0.722258 0.641855 0.390963 -0.048434 -0.727184 -0.946670 -0.967821 -0.947195 0.542656 0.337674 -0.079243 0.403439 -0.061406 -0.334242 -0.240039 -0.206994 -0.202088 -0.120929 0.544625 0.352164 0.058378 -0.319748 -0.589029 -0.702020 -0.571568 -0.764455 -0.443823 -0.458953 -0.708675 -0.384915 0.250823 0.069224 0.049964 -0.092470 -0.162735 -0.120353 0.371898 0.129695 -0.158112 -0.510843 -0.713792 -0.578268 -0.327675 -0.226643 -0.001289 0.034423 -0.129384 -0.252090 0.225870 0.239940 0.046609 -0.063219 -0.130970 -0.110767 0.214004 -0.042864 -0.292794 -0.594356 -0.814546 -0.773267 -0.509403 -0.226452 0.059327 0.165187 0.009969 -0.057463 0.128661 0.055049 -0.066802 -0.106548 -0.133763 -0.089440 0.098754 -0.148714 -0.354035 -0.588062 -0.747555 -0.733107 -0.549665 -0.322024 -0.139838 -0.060053 -0.094676 -0.106908 -0.107221 -0.138526 -0.159905 -0.157543 -0.143504 -0.067107 -0.048972 -0.196197 -0.283869 -0.381810 -0.444092 -0.442748 -0.379895 -0.299503 -0.227459 -0.188943 -0.184478 -0.186482 -0.184390 -0.175151 -0.156073 -0.121036 -0.084756 -0.020168 0.050711 0.113812 0.143096 0.181025 0.214251 0.240415 0.257760 0.270491 0.277235 0.270929 0.251126 0.223005 0.189860 0.154433 0.119865 0.087093 0.064063 0.023702 0.186219 0.358746 0.420596 0.499141 0.554821 0.569565 0.538685 0.479320 0.409363 0.360131 0.337417 0.322500 0.306465 0.281683 0.247959 0.207649 0.177092 0.091379 0.256161 0.476943 0.551939 0.654099 0.730465 0.746363 0.687790 0.562823 0.408090 0.313755 0.295958 0.303357 0.313163 0.310437 0.291211 0.258073 0.230466 0.127450 0.327258 0.601599 0.697961 0.826725 0.913804 0.909978 0.807720 0.605931 0.371605 0.244556 0.255374 0.299108 0.336203 0.352054 0.343366 0.315189 0.290642 0.167855 0.367802 0.687075 0.816303 0.962463 0.994933 0.841289 0.646479 0.435656 0.238058 0.145971 0.203385 0.318086 0.384383 0.415509 0.402335 0.366930 0.341422 0.199507 0.383846 0.709329 0.846537 0.947448 0.897880 0.639064 0.388540 0.250570 -0.069722 0.040656 0.172142 0.392453 0.477963 0.493984 0.472670 0.417408 0.382817 0.220071 0.374375 0.631486 0.725282 0.796319 0.880880 0.228731 -0.293322 0.185279 0.048283 -0.149178 0.287986 0.665459 0.705743 0.634464 0.547918 0.462642 0.408860 0.223693 0.380211 0.500675 0.489847 0.490836 0.539006 0.101122 -0.261240 -0.517761 -1.202951 -1.186091 0.451226 0.859288 0.770389 0.714164 0.587447 0.486173 0.411873 0.209564 0.441669 0.363008 0.167654 -0.011271 -0.118963 0.385315 0.683765 -0.105593 -1.336726 -0.809337 0.294760 -0.109211 0.477843 0.685383 0.565875 0.468080 0.383105 0.176613 0.553978 0.352605 0.024872 -0.312679 -0.329715 -0.105157 0.632735 -0.092821 -0.834914 0.541690 0.997939 -0.072979 0.434855 0.560353 0.505265 0.398348 0.316596 0.129299 0.712312 0.601518 0.301160 0.148941 0.803451 0.577851 -0.538842 -0.015448 -0.220273 -0.778255 -0.089785 -0.122729 -0.084527 0.306822 0.326721 0.261634 0.207898 0.072091 0.844537 0.898306 0.694946 0.626207 0.913388 0.802397 -0.712060 -0.828145 -0.658592 -0.569942 -1.258774 -0.298104 -0.076557 0.046127 0.099098 0.122338 0.081606 0.014788 0.878523 1.031467 0.890068 0.672470 0.379892 0.187526 -0.157148 0.515122 -0.396235 0.097418 -0.818224 -0.458950 0.086868 -0.106162 -0.115408 -0.053727 -0.054636 -0.033100 0.828089 0.982189 0.849825 0.492933 0.148087 -0.506598 -0.970169 0.412696 -0.454102 0.057022 -0.055600 -0.118798 -0.204636 -0.318624 -0.297533 -0.211826 -0.159320 -0.069274 0.707028 0.731494 0.531735 0.105737 -0.391171 -0.705108 -0.884657 -0.786207 -0.805370 -0.596976 -0.617549 -0.453924 -0.131011 -0.357077 -0.318103 -0.239143 -0.196321 -0.091645 0.550013 0.415544 0.141393 -0.292332 -0.703309 -0.814137 -0.881330 -0.887084 -0.759036 -0.728124 -0.858331 -0.420070 -0.314305 -0.281720 -0.209608 -0.203899 -0.193048 -0.102017 0.391379 0.170623 -0.112862 -0.485121 -0.778014 -0.853056 -0.745652 -0.653620 -0.461838 -0.280554 -0.337982 -0.218460 -0.052972 -0.050837 -0.107150 -0.164836 -0.174254 -0.102056 0.247790 -0.006587 -0.263608 -0.568453 -0.792946 -0.830755 -0.695919 -0.512279 -0.254161 -0.069546 -0.118685 -0.044602 0.143260 0.033196 -0.099941 -0.141393 -0.153999 -0.092988 0.131201 -0.118207 -0.334015 -0.575844 -0.744886 -0.765664 -0.637935 -0.440941 -0.207733 -0.075627 -0.110125 -0.127113 -0.065991 -0.086659 -0.137116 -0.148032 -0.142940 -0.073972 0.052718 -0.171783 -0.346285 -0.539051 -0.665423 -0.662892 -0.533340 -0.357785 -0.191945 -0.110189 -0.119919 -0.142699 -0.156395 -0.169122 -0.176989 -0.160615 -0.133422 -0.054411 -0.042180 -0.158212 -0.226324 -0.302127 -0.348684 -0.341826 -0.283118 -0.208298 -0.140727 -0.106914 -0.109257 -0.124331 -0.138766 -0.139794 -0.124196 -0.094670 -0.065185 -0.014956 0.040572 0.092566 0.117253 0.149368 0.177398 0.198196 0.209742 0.214939 0.213797 0.204058 0.186234 0.163201 0.137156 0.110164 0.084452 0.060692 0.044304 0.016083 0.149548 0.293688 0.347393 0.415087 0.464151 0.481702 0.463939 0.424161 0.374289 0.333254 0.305897 0.284007 0.262615 0.234552 0.199934 0.161554 0.132987 0.064237 0.205623 0.389550 0.453282 0.535909 0.595550 0.612423 0.578785 0.505256 0.412758 0.346815 0.317915 0.305916 0.298816 0.281298 0.250604 0.210356 0.178245 0.090332 0.262513 0.485063 0.560437 0.658252 0.727588 0.744170 0.696392 0.589136 0.453321 0.367103 0.345697 0.347650 0.352608 0.342749 0.314062 0.269839 0.232550 0.120614 0.294759 0.538162 0.625753 0.733288 0.800791 0.807357 0.747456 0.628621 0.486404 0.411608 0.414744 0.432895 0.435953 0.418894 0.383022 0.329114 0.283899 0.146488 0.307058 0.539749 0.621585 0.704895 0.727744 0.695318 0.586817 0.475735 0.341077 0.383852 0.491628 0.560828 0.564823 0.524321 0.463223 0.387202 0.329096 0.165583 0.298420 0.470174 0.509273 0.517093 0.463164 0.371247 0.245940 0.210905 0.124472 0.296301 0.579827 0.752670 0.740434 0.661761 0.553624 0.437816 0.360315 0.173023 0.299362 0.374400 0.338003 0.257261 0.135298 0.062450 -0.006153 -0.082320 -0.122555 0.161757 0.618880 0.873364 0.854761 0.737617 0.604553 0.462308 0.367801 0.166583 0.339991 0.296630 0.153821 0.014282 -0.115601 -0.143719 -0.128801 -0.180638 -0.233209 0.001783 0.451077 0.691714 0.782826 0.688479 0.571433 0.440990 0.341448 0.143855 0.415729 0.300113 0.079812 -0.064150 -0.097433 -0.105880 -0.140969 -0.129845 -0.216883 -0.032248 0.293813 0.372454 0.541634 0.556282 0.477612 0.367322 0.278451 0.108270 0.521965 0.448041 0.236786 0.142926 0.179687 0.179271 -0.111565 -0.218849 -0.438931 -0.548859 -0.252891 0.042628 0.191818 0.307497 0.288151 0.231856 0.176130 0.063245 0.611444 0.615764 0.440089 0.347082 0.343658 0.189219 -0.272907 -0.477500 -0.416293 -0.607977 -0.664173 -0.406469 -0.187658 -0.028172 0.054616 0.077146 0.058435 0.016848 0.636904 0.678631 0.510929 0.303548 0.148712 -0.048665 -0.366060 -0.369040 -0.319255 -0.419055 -0.672712 -0.628568 -0.369918 -0.208101 -0.121359 -0.067865 -0.051280 -0.022852 0.600523 0.623819 0.439619 0.102020 -0.230308 -0.441119 -0.581192 -0.473384 -0.311826 -0.275498 -0.474498 -0.494943 -0.400248 -0.292756 -0.228569 -0.175965 -0.133370 -0.053465 0.504464 0.438519 0.215385 -0.167272 -0.565251 -0.779155 -0.806076 -0.613111 -0.470576 -0.424604 -0.489740 -0.494661 -0.416922 -0.327621 -0.256109 -0.210388 -0.167926 -0.072592 0.380307 0.213551 -0.040441 -0.408904 -0.762742 -0.911026 -0.881175 -0.698992 -0.526845 -0.364171 -0.344021 -0.372615 -0.328195 -0.265472 -0.233988 -0.205525 -0.172416 -0.081262 0.259432 0.039915 -0.206009 -0.520242 -0.795218 -0.906573 -0.836821 -0.680704 -0.458889 -0.273317 -0.252901 -0.183835 -0.178057 -0.182526 -0.198412 -0.186239 -0.163923 -0.080389 0.154437 -0.079924 -0.295820 -0.544109 -0.733517 -0.800862 -0.732628 -0.581786 -0.385376 -0.257579 -0.231251 -0.168316 -0.134404 -0.147547 -0.168279 -0.165522 -0.148824 -0.071938 0.075107 -0.140983 -0.317154 -0.511210 -0.644854 -0.672857 -0.590987 -0.448048 -0.289386 -0.192412 -0.172486 -0.163333 -0.152477 -0.155492 -0.164644 -0.153031 -0.129983 -0.056282 0.024782 -0.159776 -0.298440 -0.451758 -0.553454 -0.559751 -0.469922 -0.337875 -0.206074 -0.133816 -0.128931 -0.145502 -0.163352 -0.172717 -0.167688 -0.141893 -0.110822 -0.040665 -0.032418 -0.117761 -0.167599 -0.223351 -0.257829 -0.252954 -0.209451 -0.152592 -0.100033 -0.073436 -0.075412 -0.089104 -0.103458 -0.105209 -0.091747 -0.068441 -0.046332 -0.010141 0.031039 0.071903 0.091690 0.117589 0.140358 0.157071 0.165767 0.168118 0.164447 0.154398 0.138863 0.119896 0.099222 0.078550 0.059462 0.042209 0.030447 0.010683 0.114788 0.230183 0.275051 0.331763 0.374473 0.393994 0.387295 0.364594 0.333192 0.302858 0.276674 0.251354 0.224987 0.194066 0.159766 0.124360 0.098685 0.044166 0.157781 0.305366 0.358597 0.425906 0.474587 0.492612 0.476129 0.437674 0.388873 0.348671 0.321817 0.300057 0.278091 0.247882 0.209686 0.167120 0.135081 0.062582 0.201527 0.376607 0.435230 0.509075 0.560038 0.574597 0.548504 0.495697 0.432482 0.389100 0.370849 0.359715 0.345593 0.317056 0.274022 0.221715 0.180668 0.084494 0.226679 0.407364 0.463422 0.532920 0.577775 0.586791 0.556656 0.500891 0.438820 0.410102 0.417312 0.426401 0.421879 0.394086 0.344505 0.279737 0.227046 0.104273 0.236513 0.398750 0.439717 0.487487 0.510703 0.504010 0.468891 0.423372 0.382323 0.397211 0.460894 0.505854 0.509888 0.477711 0.417048 0.336246 0.269902 0.120162 0.229936 0.343568 0.351012 0.351637 0.329544 0.289832 0.248654 0.224238 0.226157 0.324734 0.490711 0.595503 0.605604 0.560531 0.482316 0.382019 0.301374 0.128667 0.228251 0.278629 0.239364 0.186972 0.124691 0.075075 0.045961 0.024226 0.056568 0.218837 0.470016 0.627746 0.651103 0.601405 0.512864 0.400043 0.310200 0.126860 0.252444 0.240144 0.146136 0.054448 -0.018359 -0.060000 -0.061832 -0.063372 -0.029789 0.123482 0.372087 0.536120 0.587537 0.558775 0.480685 0.372986 0.284862 0.111692 0.299109 0.246364 0.108449 -0.002970 -0.063580 -0.091919 -0.091145 -0.088817 -0.113196 -0.013951 0.180021 0.330868 0.418804 0.432407 0.383346 0.299623 0.226521 0.085317 0.364816 0.315499 0.163370 0.054679 0.010410 -0.018076 -0.092663 -0.181430 -0.255368 -0.234210 -0.116805 0.036719 0.153662 0.216296 0.215552 0.178582 0.136321 0.049884 0.419445 0.385325 0.228622 0.107499 0.043372 -0.042752 -0.152108 -0.275444 -0.392961 -0.418983 -0.385582 -0.271767 -0.125479 -0.016852 0.031450 0.043585 0.036899 0.012646 0.432873 0.393614 0.221956 0.032944 -0.121772 -0.248630 -0.345095 -0.429167 -0.499970 -0.513637 -0.521839 -0.438285 -0.291095 -0.179493 -0.114337 -0.071381 -0.049107 -0.019142 0.404982 0.337223 0.146047 -0.115685 -0.369573 -0.516282 -0.567785 -0.575081 -0.506523 -0.494931 -0.533243 -0.482297 -0.372892 -0.275620 -0.210412 -0.152255 -0.111932 -0.043315 0.335647 0.213022 0.003586 -0.284503 -0.566844 -0.712131 -0.700564 -0.621719 -0.509199 -0.469152 -0.487805 -0.457336 -0.381825 -0.298674 -0.240834 -0.184510 -0.141796 -0.057701 0.247901 0.071577 -0.145137 -0.424181 -0.676357 -0.793279 -0.755115 -0.634751 -0.494464 -0.408988 -0.398398 -0.381759 -0.329114 -0.272996 -0.232156 -0.186644 -0.149081 -0.063359 0.164660 -0.036350 -0.239364 -0.485619 -0.688584 -0.766606 -0.708133 -0.579492 -0.430151 -0.333567 -0.312290 -0.289366 -0.260701 -0.232795 -0.210842 -0.176976 -0.143960 -0.061264 0.094002 -0.107003 -0.283174 -0.486204 -0.638352 -0.681728 -0.610131 -0.479771 -0.335695 -0.243992 -0.216961 -0.206790 -0.199793 -0.194637 -0.186330 -0.160468 -0.130162 -0.053539 0.042351 -0.133854 -0.274129 -0.432524 -0.544687 -0.567040 -0.496391 -0.380393 -0.257094 -0.180001 -0.159371 -0.162016 -0.171498 -0.174684 -0.165290 -0.138388 -0.108494 -0.041127 0.010625 -0.133600 -0.240560 -0.361540 -0.445447 -0.457079 -0.394848 -0.299618 -0.202454 -0.145067 -0.134870 -0.144989 -0.159603 -0.161523 -0.145956 -0.116054 -0.086655 -0.029212 -0.023326 -0.084319 -0.120063 -0.160554 -0.186658 -0.185999 -0.158594 -0.120757 -0.084351 -0.064613 -0.063735 -0.070900 -0.078670 -0.077372 -0.065439 -0.047603 -0.031669 -0.006514 0.011082 0.027087 0.035262 0.045998 0.055546 0.062550 0.066034 0.066339 0.063615 0.058080 0.050338 0.041437 0.032300 0.023965 0.017013 0.011241 0.007499 0.002012 0.041417 0.089861 0.111571 0.140155 0.165095 0.183490 0.193145 0.195722 0.191522 0.180211 0.162729 0.141241 0.117507 0.093106 0.069891 0.048541 0.033710 0.010258 0.056860 0.119796 0.146739 0.182038 0.212469 0.235134 0.247747 0.253114 0.251238 0.240027 0.220034 0.194139 0.164390 0.132315 0.100484 0.070393 0.049131 0.015131 0.072460 0.147065 0.176934 0.216395 0.250491 0.276716 0.292952 0.303151 0.306813 0.299620 0.281212 0.254478 0.221186 0.182091 0.140558 0.099535 0.069734 0.021518 0.081208 0.155966 0.182422 0.218829 0.251384 0.278414 0.298312 0.315441 0.328686 0.332013 0.323501 0.304269 0.274564 0.233104 0.183840 0.131906 0.092663 0.028386 0.083779 0.148882 0.167020 0.195012 0.222487 0.248626 0.272192 0.296460 0.319926 0.337041 0.344208 0.338514 0.317721 0.278287 0.224476 0.163361 0.115150 0.035025 0.079267 0.124902 0.130531 0.145649 0.165352 0.189356 0.216239 0.245853 0.276858 0.308118 0.334764 0.347022 0.339434 0.306993 0.253877 0.187830 0.133073 0.040298 0.073374 0.096054 0.087379 0.086478 0.094777 0.113577 0.141841 0.176427 0.215392 0.259180 0.301892 0.328903 0.332903 0.308739 0.260372 0.195174 0.138939 0.042032 0.071689 0.074130 0.051699 0.032882 0.025137 0.033753 0.059802 0.100416 0.151228 0.204468 0.251886 0.282653 0.290960 0.272777 0.232094 0.175116 0.125159 0.038021 0.073919 0.056910 0.019731 -0.017708 -0.042525 -0.047140 -0.028884 0.009320 0.061245 0.114554 0.158853 0.190221 0.204522 0.196812 0.170448 0.130218 0.093826 0.028846 0.079762 0.042157 -0.012304 -0.067875 -0.106980 -0.125937 -0.124293 -0.106269 -0.075808 -0.038862 -0.000194 0.036444 0.064890 0.078555 0.076828 0.063036 0.047028 0.015083 0.084116 0.026110 -0.045695 -0.119954 -0.174590 -0.209941 -0.225630 -0.230657 -0.226326 -0.206262 -0.172719 -0.129266 -0.082699 -0.044794 -0.020419 -0.006904 -0.002041 0.000369 0.081875 0.005009 -0.081733 -0.176279 -0.251408 -0.304212 -0.333086 -0.349846 -0.354138 -0.340018 -0.308914 -0.257531 -0.193120 -0.135862 -0.092949 -0.060074 -0.040188 -0.011658 0.072635 -0.019552 -0.115827 -0.225824 -0.317537 -0.381720 -0.414933 -0.427929 -0.424040 -0.408121 -0.379447 -0.325568 -0.253834 -0.188246 -0.136997 -0.093930 -0.065323 -0.020052 0.055989 -0.045970 -0.143372 -0.257544 -0.352976 -0.412794 -0.432246 -0.427087 -0.406429 -0.382579 -0.356171 -0.311682 -0.252140 -0.195642 -0.148766 -0.105915 -0.075350 -0.023861 0.036950 -0.068156 -0.160246 -0.269714 -0.359646 -0.407138 -0.407783 -0.382707 -0.345504 -0.313057 -0.288383 -0.257343 -0.218043 -0.178289 -0.141303 -0.103697 -0.074858 -0.024065 0.020528 -0.079888 -0.162092 -0.260255 -0.339240 -0.374867 -0.363353 -0.327673 -0.282768 -0.246275 -0.222617 -0.202295 -0.181222 -0.156273 -0.127487 -0.094819 -0.068344 -0.021612 0.007882 -0.081362 -0.150450 -0.232908 -0.297915 -0.323623 -0.306991 -0.269329 -0.224573 -0.188651 -0.166811 -0.154321 -0.146054 -0.131518 -0.108860 -0.080966 -0.057687 -0.017554 0.000089 -0.070969 -0.123625 -0.186458 -0.235498 -0.254058 -0.239789 -0.209003 -0.172702 -0.143889 -0.126916 -0.118356 -0.113677 -0.102959 -0.084572 -0.062077 -0.043522 -0.012556 -0.003785 -0.057120 -0.095191 -0.140610 -0.175943 -0.189681 -0.180042 -0.158140 -0.131886 -0.111337 -0.099455 -0.092646 -0.087532 -0.077680 -0.062382 -0.044746 -0.030714 -0.008212 -0.005877 -0.023093 -0.033635 -0.046057 -0.055142 -0.057760 -0.053504 -0.045715 -0.036937 -0.030644 -0.027622 -0.026086 -0.024757 -0.021692 -0.016754 -0.011201 -0.006836 -0.000757 0.007189 0.008440 0.006590 0.003830 0.000069 -0.004702 -0.010052 -0.014999 -0.018743 -0.020268 -0.019509 -0.017355 -0.014473 -0.011660 -0.009320 -0.007291 -0.006010 -0.002989 0.022243 0.009082 -0.009326 -0.033430 -0.058055 -0.079755 -0.096241 -0.106980 -0.111323 -0.108547 -0.099562 -0.087054 -0.073146 -0.060136 -0.049280 -0.039771 -0.033805 -0.017880 0.031697 0.008579 -0.020854 -0.059073 -0.097167 -0.128990 -0.151061 -0.163582 -0.166477 -0.159992 -0.145848 -0.127534 -0.107802 -0.089422 -0.073985 -0.060318 -0.051710 -0.027796 0.047091 0.009568 -0.036276 -0.094608 -0.150913 -0.195458 -0.223420 -0.236751 -0.236533 -0.224486 -0.203527 -0.178300 -0.152205 -0.128116 -0.107794 -0.089406 -0.077710 -0.042799 0.069216 0.014126 -0.052684 -0.135196 -0.211740 -0.268865 -0.300778 -0.312644 -0.307399 -0.288444 -0.260169 -0.228733 -0.197989 -0.170081 -0.146498 -0.124343 -0.109996 -0.062384 0.096647 0.024912 -0.063186 -0.168465 -0.262527 -0.330763 -0.366702 -0.376846 -0.365807 -0.339832 -0.305176 -0.269543 -0.237063 -0.208675 -0.185106 -0.161647 -0.146082 -0.085504 0.127183 0.044548 -0.060089 -0.180149 -0.283194 -0.358871 -0.400348 -0.410219 -0.393721 -0.362056 -0.323813 -0.287841 -0.258309 -0.234763 -0.216577 -0.196171 -0.182059 -0.110356 0.155068 0.072606 -0.038884 -0.162186 -0.264245 -0.339874 -0.383053 -0.393530 -0.376534 -0.345496 -0.309885 -0.278645 -0.256047 -0.241990 -0.234455 -0.221567 -0.211555 -0.132752 0.174487 0.108657 0.004996 -0.106381 -0.195970 -0.260185 -0.295836 -0.307206 -0.299295 -0.280213 -0.256901 -0.236716 -0.224382 -0.223823 -0.232137 -0.231367 -0.228097 -0.148449 0.183859 0.149432 0.067923 -0.014748 -0.077527 -0.119770 -0.142752 -0.156665 -0.165585 -0.169270 -0.169762 -0.170081 -0.174238 -0.190357 -0.215359 -0.227516 -0.231776 -0.156428 0.181598 0.191661 0.146271 0.110706 0.091939 0.081420 0.072151 0.052706 0.021051 -0.015834 -0.053259 -0.086690 -0.116525 -0.151669 -0.189848 -0.211951 -0.222676 -0.155668 0.169365 0.226286 0.221061 0.234253 0.258047 0.277740 0.282079 0.260257 0.210836 0.142490 0.066611 -0.002299 -0.059422 -0.112612 -0.160660 -0.189741 -0.205058 -0.147906 0.148818 0.244248 0.273310 0.320163 0.366413 0.403547 0.420223 0.404593 0.353058 0.268208 0.163475 0.067089 -0.011115 -0.078035 -0.132850 -0.165952 -0.183181 -0.134882 0.120885 0.239625 0.293135 0.360655 0.417215 0.462235 0.486239 0.477690 0.431406 0.342686 0.224393 0.112636 0.021135 -0.053394 -0.109772 -0.142698 -0.158944 -0.117882 0.086494 0.206488 0.270638 0.347926 0.410605 0.457150 0.479637 0.471914 0.429928 0.347933 0.236364 0.125470 0.030092 -0.044140 -0.094777 -0.122087 -0.134244 -0.098189 0.052709 0.160684 0.225974 0.304749 0.369339 0.413338 0.430024 0.420026 0.382053 0.311877 0.216927 0.117207 0.026579 -0.041167 -0.082457 -0.102166 -0.109391 -0.077724 0.026596 0.117964 0.179116 0.253620 0.315804 0.355442 0.366769 0.354964 0.320883 0.261842 0.183482 0.099406 0.021397 -0.035330 -0.067334 -0.080901 -0.084614 -0.058356 0.009490 0.082837 0.136043 0.201595 0.257239 0.291025 0.298037 0.285411 0.255301 0.206607 0.143978 0.077183 0.015459 -0.028429 -0.051862 -0.060643 -0.062025 -0.041405 0.002793 0.058447 0.100243 0.151847 0.195784 0.221788 0.225927 0.214224 0.189034 0.150816 0.103490 0.054111 0.009338 -0.021757 -0.037536 -0.042616 -0.042584 -0.027429 0.001838 0.043304 0.074387 0.112605 0.144913 0.163771 0.166145 0.156030 0.135477 0.105999 0.070946 0.035590 0.004530 -0.016487 -0.026626 -0.029268 -0.028531 -0.017659 0.002900 0.016926 0.026456 0.037944 0.047069 0.051386 0.050037 0.044570 0.036082 0.025880 0.015231 0.005496 -0.002222 -0.006726 -0.008062 -0.007372 -0.006069 -0.002665 0.029722 0.036328 0.029836 0.020479 0.007918 -0.007331 -0.023748 -0.038215 -0.048303 -0.050974 -0.046490 -0.038521 -0.029756 -0.023406 -0.020411 -0.019067 -0.019207 -0.013310 0.097689 0.072390 0.017096 -0.052914 -0.123135 -0.182207 -0.224158 -0.249721 -0.257939 -0.246439 -0.218597 -0.183599 -0.149167 -0.124981 -0.113479 -0.107739 -0.108284 -0.074519 0.139381 0.091853 0.005411 -0.102126 -0.206187 -0.288499 -0.341103 -0.369441 -0.374418 -0.354220 -0.313727 -0.264109 -0.215694 -0.182393 -0.167502 -0.160793 -0.162880 -0.113237 0.203880 0.128777 0.000536 -0.158154 -0.308670 -0.420363 -0.482321 -0.507995 -0.502959 -0.470403 -0.417297 -0.353159 -0.290330 -0.248638 -0.232573 -0.228140 -0.235400 -0.167588 0.291642 0.191124 0.016910 -0.199953 -0.404547 -0.546726 -0.611491 -0.623558 -0.597430 -0.549862 -0.490415 -0.419109 -0.347878 -0.303490 -0.291856 -0.296099 -0.314508 -0.232035 0.397173 0.270997 0.043272 -0.247665 -0.524760 -0.699009 -0.749852 -0.727369 -0.662384 -0.593314 -0.534598 -0.465672 -0.393938 -0.351893 -0.347192 -0.363624 -0.397419 -0.303691 0.511488 0.358627 0.068985 -0.317696 -0.693485 -0.900033 -0.908077 -0.820675 -0.697845 -0.591615 -0.539065 -0.487670 -0.427837 -0.393531 -0.395616 -0.425105 -0.476774 -0.376529 0.612385 0.452604 0.120926 -0.331880 -0.777549 -1.006511 -0.979572 -0.841262 -0.677893 -0.544417 -0.485526 -0.459133 -0.432406 -0.419630 -0.431044 -0.474103 -0.544179 -0.442415 0.677409 0.551384 0.226012 -0.211696 -0.642043 -0.867852 -0.856565 -0.728119 -0.554983 -0.420792 -0.353012 -0.354195 -0.389270 -0.420669 -0.447003 -0.503853 -0.590914 -0.492984 0.700681 0.634652 0.351952 -0.007895 -0.348794 -0.518487 -0.507135 -0.413579 -0.297128 -0.203950 -0.158504 -0.190506 -0.292966 -0.379965 -0.432094 -0.508191 -0.612764 -0.525527 0.676302 0.682086 0.466438 0.228316 0.037771 -0.006645 0.075326 0.139563 0.124896 0.112088 0.107614 0.026010 -0.145654 -0.285708 -0.374965 -0.480920 -0.605494 -0.537318 0.608247 0.678825 0.539355 0.432960 0.399320 0.473044 0.610038 0.638564 0.510072 0.386980 0.352245 0.227192 0.006471 -0.174228 -0.300509 -0.435461 -0.576395 -0.528941 0.500491 0.610007 0.540622 0.541874 0.616519 0.723466 0.805458 0.778014 0.620688 0.504051 0.468987 0.340883 0.115513 -0.083556 -0.233624 -0.385235 -0.532757 -0.500975 0.370789 0.501658 0.495113 0.574914 0.714635 0.820333 0.837116 0.758214 0.602876 0.507673 0.481978 0.380763 0.171809 -0.025841 -0.184046 -0.339050 -0.481226 -0.456486 0.236903 0.379801 0.427782 0.553514 0.716024 0.825661 0.842175 0.754058 0.602952 0.503836 0.457570 0.350773 0.170390 -0.008566 -0.162473 -0.305750 -0.428422 -0.398516 0.118896 0.262440 0.348493 0.493032 0.650929 0.757948 0.785298 0.730430 0.614673 0.503609 0.407191 0.283515 0.131147 -0.020831 -0.158908 -0.278593 -0.372979 -0.332301 0.036910 0.167520 0.266881 0.408190 0.549228 0.649207 0.686600 0.657943 0.572705 0.462968 0.342419 0.210234 0.073744 -0.053618 -0.164040 -0.250534 -0.313164 -0.262801 -0.009144 0.103682 0.200226 0.326056 0.444619 0.532219 0.572568 0.559192 0.494819 0.394491 0.271656 0.142319 0.019429 -0.084425 -0.163857 -0.217186 -0.251387 -0.196405 -0.018215 0.078680 0.162839 0.268102 0.362727 0.429133 0.455849 0.441543 0.388356 0.303814 0.198750 0.089848 -0.010098 -0.088116 -0.140440 -0.169507 -0.184928 -0.135678 -0.010087 0.073579 0.142932 0.228487 0.302530 0.348495 0.358528 0.337843 0.290356 0.221599 0.139450 0.054853 -0.022013 -0.078145 -0.110841 -0.124881 -0.129889 -0.090029 0.011389 0.057068 0.087395 0.123392 0.150648 0.160336 0.150273 0.127735 0.097371 0.064101 0.031490 0.001648 -0.022461 -0.036142 -0.039426 -0.035961 -0.030943 -0.015649 0.042823 0.052294 0.042876 0.029438 0.011693 -0.009232 -0.031152 -0.049908 -0.062371 -0.064727 -0.057617 -0.046367 -0.034780 -0.027250 -0.024859 -0.024873 -0.026542 -0.019698 0.143219 0.115124 0.041464 -0.050162 -0.140919 -0.215957 -0.268269 -0.300715 -0.312258 -0.298300 -0.262909 -0.218348 -0.175430 -0.148702 -0.141167 -0.141904 -0.149488 -0.108796 0.204610 0.151176 0.038278 -0.098218 -0.227252 -0.327139 -0.390094 -0.427626 -0.440634 -0.421381 -0.374134 -0.312764 -0.252069 -0.215069 -0.206523 -0.210223 -0.223622 -0.164578 0.298461 0.220573 0.061082 -0.133477 -0.316346 -0.448178 -0.518423 -0.552013 -0.556902 -0.532113 -0.481825 -0.409900 -0.332798 -0.286834 -0.280258 -0.292642 -0.319005 -0.241568 0.424381 0.338206 0.138386 -0.117639 -0.367132 -0.534285 -0.602783 -0.613057 -0.586977 -0.558640 -0.527772 -0.465270 -0.383917 -0.336658 -0.337816 -0.367855 -0.417589 -0.330670 0.575421 0.477331 0.219201 -0.145407 -0.518123 -0.724136 -0.751413 -0.692218 -0.578080 -0.524502 -0.540227 -0.511905 -0.442985 -0.397186 -0.399317 -0.443751 -0.519632 -0.427692 0.739468 0.607956 0.252410 -0.308496 -0.904805 -1.173404 -1.074536 -0.852087 -0.656409 -0.453971 -0.477231 -0.543718 -0.538409 -0.492188 -0.477650 -0.522123 -0.619066 -0.523874 0.886809 0.742984 0.310605 -0.402410 -1.182889 -1.516623 -1.301611 -0.934031 -0.679510 -0.426552 -0.440270 -0.559602 -0.633268 -0.599552 -0.560977 -0.596096 -0.707893 -0.610230 0.987361 0.895087 0.466085 -0.224507 -0.984270 -1.315727 -1.186347 -0.867354 -0.486408 -0.276492 -0.328110 -0.491084 -0.660795 -0.714798 -0.649292 -0.658736 -0.777650 -0.677446 1.031007 1.020483 0.642226 0.078839 -0.494273 -0.751582 -0.678998 -0.448505 -0.174690 -0.042086 -0.112084 -0.243950 -0.554454 -0.724753 -0.672559 -0.683189 -0.815758 -0.722506 1.007602 1.075112 0.762886 0.349216 0.030667 0.030458 0.311625 0.409979 0.369598 0.329312 0.243204 0.105080 -0.356757 -0.591119 -0.574972 -0.644529 -0.809600 -0.742371 0.912632 1.028592 0.792108 0.566820 0.509394 0.840350 1.237713 1.053259 0.754573 0.580840 0.605753 0.361411 -0.111065 -0.375714 -0.429106 -0.568889 -0.769188 -0.735689 0.741588 0.851018 0.688898 0.655464 0.780067 1.034969 1.172667 0.907596 0.514097 0.483584 0.661305 0.488362 0.125705 -0.165292 -0.289478 -0.477832 -0.704595 -0.701106 0.534840 0.627830 0.543398 0.652065 0.911265 1.051689 0.978167 0.749481 0.378008 0.269330 0.481044 0.509497 0.238953 -0.027776 -0.175709 -0.397003 -0.629371 -0.642958 0.332772 0.445391 0.452959 0.636657 0.933573 1.078146 0.998254 0.707527 0.359409 0.243975 0.424933 0.461424 0.266032 0.050455 -0.124858 -0.346204 -0.556883 -0.565555 0.161192 0.298190 0.381759 0.587659 0.850613 0.994433 0.972929 0.784295 0.514139 0.380537 0.406560 0.360733 0.226913 0.060529 -0.122004 -0.314978 -0.486472 -0.475422 0.046026 0.180508 0.291693 0.478558 0.687285 0.826591 0.856854 0.766880 0.585702 0.440045 0.346426 0.248100 0.133986 -0.002106 -0.155285 -0.299372 -0.417101 -0.378684 -0.016054 0.105114 0.215859 0.368506 0.522158 0.644259 0.706247 0.677748 0.566391 0.428700 0.288128 0.155285 0.035594 -0.081230 -0.191718 -0.280152 -0.345161 -0.284832 -0.026696 0.084369 0.184568 0.310784 0.427098 0.516524 0.561127 0.542953 0.464668 0.351484 0.221814 0.095686 -0.015669 -0.109140 -0.182046 -0.229722 -0.259754 -0.197784 -0.013894 0.088430 0.174523 0.280884 0.373358 0.431605 0.444908 0.416456 0.351973 0.263999 0.163141 0.059852 -0.034918 -0.106802 -0.152322 -0.174877 -0.185497 -0.131756 0.017705 0.081793 0.123686 0.173201 0.209965 0.220960 0.203638 0.170092 0.127472 0.082618 0.039713 -0.000526 -0.034301 -0.053604 -0.058076 -0.052956 -0.045696 -0.023331 0.060066 0.072623 0.058849 0.039681 0.015262 -0.012136 -0.039561 -0.062108 -0.076179 -0.077517 -0.067269 -0.052289 -0.037658 -0.029493 -0.028992 -0.031868 -0.036363 -0.028920 0.206217 0.179308 0.084583 -0.030288 -0.142146 -0.233449 -0.296422 -0.335792 -0.350536 -0.334077 -0.291680 -0.239666 -0.192163 -0.168202 -0.170849 -0.184467 -0.204565 -0.157172 0.295502 0.244389 0.103853 -0.059450 -0.209534 -0.325774 -0.401423 -0.451552 -0.475832 -0.459165 -0.406028 -0.336919 -0.271641 -0.239936 -0.247050 -0.270838 -0.304071 -0.236540 0.430788 0.369485 0.182650 -0.045547 -0.264085 -0.424389 -0.512618 -0.556307 -0.569212 -0.550596 -0.503852 -0.433699 -0.359065 -0.321026 -0.330487 -0.369650 -0.427703 -0.344052 0.610331 0.579847 0.368886 0.063084 -0.271673 -0.483841 -0.584529 -0.575381 -0.502198 -0.509389 -0.512011 -0.473964 -0.420706 -0.384060 -0.390967 -0.449582 -0.547530 -0.465053 0.825256 0.818250 0.549753 0.066316 -0.460806 -0.680124 -0.735083 -0.600054 -0.296270 -0.360294 -0.484804 -0.526548 -0.477946 -0.426261 -0.450033 -0.530295 -0.670154 -0.594467 1.059172 1.021894 0.610018 -0.187244 -1.004364 -1.312799 -1.093827 -0.681394 -0.361965 -0.108000 -0.281128 -0.558842 -0.642651 -0.504699 -0.500691 -0.618887 -0.793450 -0.720639 1.272578 1.219966 0.680879 -0.287556 -1.309689 -1.750226 -1.348751 -0.656345 -0.220291 0.585436 -0.025984 -0.462344 -0.741603 -0.676574 -0.577555 -0.705939 -0.909459 -0.834659 1.425443 1.444113 0.897877 -0.034810 -0.943044 -1.071030 -0.856036 -0.200418 0.380381 1.073356 0.361097 -0.209941 -0.498037 -0.853514 -0.742882 -0.791468 -1.009524 -0.927144 1.506067 1.634960 1.146932 0.389546 -0.078015 -0.103720 -0.530616 0.027046 0.198928 0.570881 0.230971 0.384324 -0.247114 -0.837307 -0.765388 -0.819299 -1.067098 -0.992211 1.502672 1.729004 1.275910 0.527413 -0.142464 1.085589 1.432615 0.401188 0.086203 0.920621 0.772838 0.852102 0.204458 -0.493294 -0.610722 -0.752220 -1.053725 -1.023918 1.392611 1.647778 1.250607 0.634720 0.118806 2.455707 2.967428 0.604619 0.694787 0.453812 1.097909 0.619910 0.521700 -0.289956 -0.495320 -0.647729 -0.992877 -1.017062 1.153346 1.321187 0.991515 0.780224 0.545722 0.791873 1.523651 0.580075 0.036601 -0.235100 0.643876 0.758767 0.754212 -0.139419 -0.304180 -0.532710 -0.913521 -0.966548 0.848144 0.921637 0.670415 0.698202 0.962992 1.091498 1.121344 0.808677 0.393481 -0.152125 0.516745 0.924106 0.437658 0.014644 -0.125132 -0.438743 -0.816699 -0.882685 0.540445 0.625443 0.518429 0.666657 1.000810 1.229417 1.214365 1.010328 0.468300 0.038130 0.634414 0.717760 0.402605 0.115673 -0.059852 -0.376005 -0.712193 -0.776006 0.274938 0.406478 0.438996 0.628009 0.894859 1.007554 1.044932 0.804071 0.424379 0.310535 0.521619 0.483440 0.331485 0.136679 -0.086141 -0.335304 -0.612480 -0.653448 0.096424 0.236217 0.333351 0.517326 0.734941 0.883754 0.917475 0.792348 0.504223 0.336496 0.269979 0.250349 0.226711 0.096344 -0.110195 -0.328271 -0.527234 -0.521439 -0.001290 0.131505 0.247606 0.407818 0.574234 0.731740 0.820617 0.772301 0.565787 0.373246 0.221840 0.121865 0.075688 -0.030583 -0.185691 -0.328631 -0.444356 -0.393063 -0.022419 0.109018 0.225517 0.370739 0.505575 0.622948 0.692384 0.654077 0.514512 0.350101 0.197225 0.076234 -0.013197 -0.106402 -0.206135 -0.284899 -0.341322 -0.273674 -0.007753 0.121806 0.228553 0.361891 0.478491 0.551169 0.563598 0.512161 0.408984 0.290482 0.173421 0.059865 -0.043768 -0.128433 -0.190712 -0.227712 -0.249177 -0.182902 0.029445 0.120331 0.178626 0.248754 0.301089 0.313473 0.282577 0.229545 0.166669 0.105824 0.051645 -0.000828 -0.047570 -0.074759 -0.081138 -0.074182 -0.064234 -0.032969 0.078826 0.093520 0.074126 0.048127 0.016761 -0.015922 -0.046361 -0.069948 -0.083354 -0.082796 -0.069912 -0.051963 -0.035084 -0.027658 -0.030937 -0.038629 -0.047488 -0.040364 0.280000 0.262107 0.149264 0.017182 -0.108509 -0.210566 -0.281097 -0.324558 -0.340133 -0.321394 -0.275705 -0.224099 -0.182919 -0.172192 -0.193791 -0.228159 -0.266871 -0.215531 0.403033 0.370673 0.211321 0.036277 -0.119092 -0.244564 -0.334964 -0.399533 -0.435041 -0.420454 -0.363481 -0.298336 -0.248587 -0.240232 -0.276119 -0.331616 -0.393986 -0.322594 0.588459 0.576843 0.380446 0.133135 -0.122600 -0.339838 -0.463788 -0.492139 -0.500066 -0.483177 -0.425027 -0.376559 -0.343412 -0.338456 -0.370335 -0.444333 -0.546377 -0.464784 0.832834 0.918199 0.724457 0.352273 -0.151551 -0.453156 -0.624226 -0.541758 -0.423029 -0.481302 -0.429218 -0.427854 -0.444589 -0.441183 -0.443069 -0.524310 -0.683788 -0.619959 1.124840 1.298212 1.058574 0.472535 -0.130357 0.043906 -0.115067 -0.272081 -0.019759 0.193493 -0.192496 -0.443790 -0.500688 -0.450150 -0.459748 -0.597461 -0.822890 -0.783767 1.442821 1.611302 1.234730 0.599076 -0.092793 -0.069593 0.334459 -0.552216 -0.604728 1.062784 0.696150 0.195983 -0.546247 -0.493133 -0.449050 -0.661042 -0.966376 -0.942837 1.736026 1.888196 1.357216 0.585549 -0.678757 -2.259042 -1.138686 -0.794003 -1.800116 0.725474 0.838124 0.104483 -0.133665 -0.232453 -0.477809 -0.719909 -1.100158 -1.089907 1.952894 2.176351 1.606729 0.523074 -0.690379 -1.730951 -2.216702 -1.077560 -0.912576 -0.153961 -0.137826 -0.333502 0.655133 -0.020602 -0.462913 -0.812549 -1.234280 -1.217555 2.088047 2.447632 2.009484 1.014571 -0.098877 -1.610993 -2.430124 -1.290394 -1.134292 0.024448 -0.667071 -0.183476 -0.117623 -0.251788 -0.293979 -0.842945 -1.317985 -1.311982 2.136416 2.701124 2.290683 0.611528 -1.217285 1.336045 0.052122 -1.637119 -0.913933 0.572817 0.134823 -0.002657 0.758769 0.975745 0.039764 -0.728259 -1.280671 -1.358506 2.047274 2.619374 2.251599 0.194798 -1.957727 2.196388 0.216816 -1.772004 0.955873 -0.528854 -0.070062 -0.783343 0.861667 0.507199 0.425949 -0.550085 -1.187486 -1.346008 1.768129 2.114035 1.612572 0.669152 -1.159710 0.279259 0.543077 -0.072998 1.085122 -0.836294 -0.402249 -0.530705 0.253048 1.105290 0.710692 -0.539127 -1.118799 -1.263680 1.368227 1.491410 0.931680 0.452620 0.052997 2.060289 0.620799 -0.484851 -0.022648 -0.670652 -0.350102 0.776350 -0.240404 1.527248 0.485171 -0.527680 -1.015843 -1.136159 0.919045 1.010579 0.668189 0.530339 0.690147 1.818227 1.139924 1.488537 0.525779 -0.086394 0.452852 0.727791 1.332528 0.766369 -0.026676 -0.404654 -0.861388 -0.989518 0.508309 0.648674 0.531498 0.485716 0.580963 1.214736 1.350712 1.075009 1.071293 0.420069 0.499742 0.581776 0.995932 0.373491 -0.055598 -0.311148 -0.713687 -0.829046 0.223520 0.376214 0.401659 0.450759 0.561696 0.806807 0.836118 0.648096 0.684070 0.496077 0.109749 0.224646 0.353338 0.212182 0.001138 -0.297862 -0.605772 -0.659156 0.058932 0.211025 0.311268 0.428696 0.550705 0.738287 0.845109 0.797521 0.508501 0.210544 0.025206 0.003558 0.139481 0.107475 -0.098521 -0.322155 -0.511935 -0.495831 0.010368 0.170901 0.299121 0.452438 0.590902 0.731639 0.815252 0.726253 0.509904 0.252486 0.096527 0.064236 0.071218 -0.037859 -0.177107 -0.303656 -0.400652 -0.345343 0.019090 0.185580 0.314198 0.478596 0.623359 0.709686 0.710936 0.610672 0.440578 0.276161 0.158401 0.065458 -0.022331 -0.122729 -0.204242 -0.262465 -0.301494 -0.231453 0.048255 0.173207 0.251791 0.350005 0.425509 0.439445 0.386899 0.303516 0.210587 0.130261 0.067295 0.003758 -0.057480 -0.094142 -0.103233 -0.094950 -0.082609 -0.042497 0.097901 0.113814 0.088084 0.054732 0.016551 -0.020317 -0.051743 -0.073722 -0.084049 -0.081484 -0.067935 -0.048261 -0.029177 -0.022812 -0.030803 -0.044598 -0.059050 -0.053182 0.359710 0.355440 0.225752 0.078236 -0.058904 -0.166128 -0.236076 -0.276974 -0.288826 -0.261949 -0.208097 -0.162664 -0.143477 -0.160345 -0.210430 -0.272121 -0.333269 -0.279628 0.520286 0.515330 0.339705 0.155150 -0.003020 -0.129285 -0.220164 -0.288221 -0.332214 -0.301851 -0.215560 -0.159195 -0.162215 -0.211297 -0.295666 -0.394155 -0.490489 -0.416457 0.761189 0.810474 0.607247 0.349702 0.082706 -0.146953 -0.260624 -0.321406 -0.267328 -0.246678 -0.139499 -0.153315 -0.217307 -0.305907 -0.395919 -0.521142 -0.673424 -0.595362 1.076658 1.286295 1.110017 0.718389 0.140830 -0.187801 -0.273802 -0.451426 -0.358463 -0.080473 0.118698 -0.302916 -0.401860 -0.419507 -0.454599 -0.594796 -0.827283 -0.785791 1.451836 1.816650 1.608962 1.182294 1.000384 0.458065 -0.660103 -0.335916 -1.249958 0.348766 0.760086 -0.141613 -0.284657 -0.509214 -0.448738 -0.634824 -0.976339 -0.984575 1.858419 2.264022 2.060514 1.717599 1.154404 -0.745888 -1.108142 -2.083409 -1.516744 -0.423673 0.019813 0.264301 -0.222218 -0.009084 -0.459962 -0.659004 -1.122012 -1.176686 2.230586 2.638258 2.326443 0.962279 -1.087039 -2.024637 0.984648 -1.001307 -1.488242 -0.323803 -0.643831 -0.685458 -0.566349 2.044205 0.026515 -0.729910 -1.268295 -1.355921 2.501257 2.987412 2.656255 0.989115 -0.543029 -0.623323 -0.445619 -0.810323 0.437990 0.245069 -0.099683 0.496792 -0.543179 1.558502 0.916628 -0.937589 -1.480270 -1.517753 2.678441 3.335176 3.105504 1.557086 -0.036410 -0.408670 -0.759679 0.078678 0.539596 0.047254 -0.076937 0.327641 -0.985561 -0.034164 1.011930 -1.007312 -1.640134 -1.640617 2.770846 3.691174 3.550486 1.351628 -0.097938 0.711633 -0.449288 -0.027732 0.643470 0.163525 0.139976 0.271742 0.455705 -1.176943 0.346838 -0.822840 -1.600999 -1.700510 2.718771 3.589561 3.400028 0.636112 -0.642351 0.044935 -1.559530 0.465171 2.903481 0.551539 0.370595 0.260971 0.224489 -1.735202 1.716235 -0.493163 -1.465929 -1.677402 2.459956 3.026529 1.970661 -0.302305 -1.049146 -0.055105 0.570449 -0.291213 1.341329 0.901544 0.419157 0.199704 -0.119652 -1.326055 1.352577 -0.576342 -1.375722 -1.551668 2.018838 2.340785 1.507844 0.026491 -0.764323 0.142184 0.092298 -0.525530 -0.001560 0.587503 -0.054009 0.496140 -1.278468 -0.280018 1.249270 -0.606808 -1.259117 -1.370281 1.427778 1.642188 1.060731 0.714750 -1.015072 -0.559301 -0.126790 0.525739 0.023948 -0.289292 -0.219811 -0.870541 -1.209432 1.090651 0.724281 -0.492188 -1.039323 -1.180138 0.841966 1.051141 0.754997 0.492481 -0.819521 -0.035231 -0.563615 0.172418 0.480030 -0.369032 0.244655 -0.599116 0.713664 1.711992 0.340673 -0.311807 -0.813537 -0.983067 0.416770 0.610570 0.531107 0.402176 0.348212 0.840101 0.556270 0.238428 0.517586 0.552087 0.886931 1.035560 0.917021 0.628044 0.109743 -0.273855 -0.669880 -0.780170 0.156433 0.337022 0.407866 0.463418 0.581148 0.846412 1.064411 1.064930 0.671315 0.168132 0.071020 0.154020 0.256916 0.258671 0.050110 -0.287616 -0.559289 -0.587313 0.065745 0.260600 0.398047 0.565112 0.729731 0.917268 0.933488 0.744799 0.512467 0.124583 -0.045046 0.037172 0.235392 0.098809 -0.094857 -0.296804 -0.441921 -0.409476 0.062436 0.274489 0.428906 0.639320 0.831284 0.930829 0.885551 0.714093 0.473641 0.239696 0.115554 0.075257 0.034707 -0.098108 -0.198405 -0.280875 -0.341458 -0.274847 0.072378 0.237489 0.340693 0.476592 0.586474 0.605340 0.524214 0.396474 0.256809 0.146832 0.073726 0.003495 -0.065982 -0.109299 -0.121240 -0.112773 -0.099037 -0.051298 0.114926 0.130893 0.098897 0.058589 0.014582 -0.024917 -0.055187 -0.072513 -0.076866 -0.072884 -0.062297 -0.042929 -0.021240 -0.015394 -0.028110 -0.048604 -0.069498 -0.065998 0.436606 0.448004 0.302998 0.139980 -0.008704 -0.113456 -0.168292 -0.195375 -0.196571 -0.150095 -0.075623 -0.041220 -0.065543 -0.128872 -0.217811 -0.311944 -0.396762 -0.342306 0.634806 0.659445 0.466810 0.265820 0.097007 -0.019240 -0.080845 -0.132595 -0.172713 -0.087783 0.086998 0.129831 0.017244 -0.142658 -0.302657 -0.454794 -0.584929 -0.507448 0.930628 1.032231 0.814256 0.554865 0.319629 0.164418 0.073477 0.001753 0.109866 0.279172 0.653065 0.420064 0.127842 -0.161745 -0.393734 -0.597057 -0.799037 -0.720958 1.315116 1.608388 1.427342 1.072994 0.507601 0.143626 0.256517 0.267868 0.223991 1.096754 1.762298 0.995480 0.036225 -0.218144 -0.376879 -0.650973 -0.968241 -0.944190 1.768419 2.260592 2.072795 1.752232 1.416570 -0.969348 -2.514770 0.047478 -1.106235 0.605753 0.221225 -0.391883 0.403935 -0.074358 -0.280720 -0.615707 -1.116282 -1.174543 2.254165 2.846342 2.613611 2.216370 1.828654 -2.998265 -3.334529 -1.085356 -0.008512 -0.051184 -0.272460 -0.851514 -0.126007 1.366320 0.245324 -0.605353 -1.242116 -1.394254 2.686134 3.339841 3.057279 2.139334 1.113010 -1.564265 -1.566060 -1.511494 -1.495650 1.647667 0.943533 1.490081 -0.604982 0.067943 1.118391 -0.723797 -1.426073 -1.597832 2.976831 3.723784 3.259709 1.845872 0.824349 0.331367 -1.485897 -1.957701 0.369213 0.780141 0.324721 1.500603 1.471209 -1.502449 0.163517 -0.969549 -1.727973 -1.779198 3.155064 3.964524 2.782145 0.957692 -0.298261 0.194297 -0.660838 -0.707375 0.742226 0.009624 0.175866 0.674672 2.000128 0.576473 0.514858 -1.048819 -1.961076 -1.914147 3.249318 4.051642 3.020162 1.571123 -0.879567 -0.570248 -1.113398 0.102585 -0.109161 -0.037080 0.102781 0.205729 1.370649 0.066577 -0.243182 -0.807930 -2.016182 -1.981030 3.234859 3.993914 3.314002 0.873327 -0.158319 -0.578472 -1.833742 -0.300585 -0.755980 -0.049079 -0.250494 -0.096913 0.744100 0.641502 -0.348803 -0.374425 -1.888684 -1.943739 3.086681 3.887465 2.468938 -1.210903 -0.458715 -1.553601 -0.143294 -0.519765 -0.647751 0.169878 0.234395 0.389780 1.249988 -0.248689 -1.005407 0.071267 -1.734427 -1.770166 2.711318 3.640960 3.230691 0.778163 -0.559642 -0.674455 0.969537 -0.024876 0.128472 0.730909 1.031279 1.173546 2.089035 -3.338662 -0.675780 -0.047548 -1.541571 -1.533611 2.017863 2.676493 2.125451 1.087200 -1.136606 -0.839244 0.674038 -0.369591 0.206109 0.446844 0.731702 1.597329 0.765451 -3.000609 1.608136 -0.487911 -1.248480 -1.306289 1.253217 1.663626 1.371050 0.398501 -2.954866 -0.889048 1.041763 0.300004 0.656983 -0.185492 -0.115134 -0.679240 -1.305629 1.758866 1.312638 -0.434825 -0.942758 -1.083969 0.665150 0.951047 0.776097 0.374495 -0.512924 -0.132257 0.666973 0.133603 -0.169528 -0.822172 0.454605 0.049668 0.331876 1.296707 0.160457 -0.270867 -0.726877 -0.862322 0.284022 0.501214 0.530746 0.515276 0.600565 0.941709 1.507985 1.788985 1.242962 0.268047 0.493221 0.541739 0.468303 0.351645 0.182732 -0.232705 -0.585610 -0.653657 0.138907 0.367603 0.511494 0.711262 0.933259 1.197867 1.041205 0.764427 0.548806 0.115286 -0.177562 -0.215026 0.116988 0.278181 0.055328 -0.268354 -0.461753 -0.457162 0.118727 0.381684 0.566519 0.846270 1.117338 1.224768 1.079344 0.794212 0.460077 0.165109 -0.005979 -0.018032 0.004193 -0.046414 -0.163952 -0.279629 -0.362817 -0.306785 0.099630 0.308186 0.439707 0.623741 0.781876 0.811970 0.697150 0.508317 0.299000 0.143844 0.056842 -0.011415 -0.075123 -0.115911 -0.130335 -0.123691 -0.110452 -0.058084 0.126727 0.141121 0.103638 0.057345 0.008718 -0.032228 -0.060349 -0.072518 -0.070766 -0.064962 -0.056610 -0.037047 -0.012566 -0.007148 -0.024390 -0.050845 -0.077087 -0.075811 0.494703 0.516832 0.359285 0.183326 0.026691 -0.067028 -0.095667 -0.106177 -0.103187 -0.044748 0.044949 0.066458 0.000844 -0.103148 -0.222859 -0.341803 -0.444644 -0.389744 0.722306 0.768250 0.561011 0.344742 0.168129 0.082731 0.076252 0.041611 -0.005210 0.118003 0.351367 0.362240 0.160437 -0.095360 -0.312622 -0.502630 -0.657015 -0.576006 1.060626 1.196111 0.962018 0.707728 0.479301 0.373534 0.332445 0.213713 0.045164 0.398646 0.788856 0.474453 0.343160 -0.058088 -0.400290 -0.660730 -0.896779 -0.815256 1.497686 1.834689 1.637431 1.315394 0.968019 1.409468 1.038951 1.078059 -0.402026 0.030843 -0.507540 2.186405 0.663521 -0.043903 -0.297533 -0.701977 -1.081773 -1.062836 2.009807 2.563831 2.387029 2.044830 1.920905 1.530495 -1.225263 -1.085866 -1.592954 1.015612 -3.043805 1.200216 0.567847 0.024359 -0.154020 -0.619752 -1.234579 -1.315614 2.554424 3.244257 3.005051 2.678151 2.394236 1.200157 -0.685299 -2.228603 -1.097503 -0.158499 0.861506 1.131765 -1.216147 0.530986 0.609782 -0.571675 -1.352219 -1.553440 3.026379 3.805271 3.482608 3.063665 2.365316 1.086322 -0.526115 -1.914966 -0.973562 0.717530 0.719767 1.675513 0.394834 -1.271016 1.276964 -0.620553 -1.563919 -1.769200 3.319161 4.173283 3.667363 2.985480 2.407521 0.919973 -1.037476 -1.770206 -0.245995 0.990922 0.220393 0.958551 2.036160 -1.032040 -0.445043 -0.367299 -1.883600 -1.950978 3.479270 4.332546 3.441063 3.152109 1.600376 -1.011561 -0.386684 0.236002 0.151871 -0.438837 0.201639 0.494995 0.942141 -1.032012 -1.571821 0.012719 -2.141607 -2.082450 3.553052 4.277868 3.472709 3.429889 0.259846 -1.081364 -0.392171 -0.131372 -0.162540 -0.075157 -0.024972 -0.324304 0.388367 0.777363 -0.580866 -0.132892 -2.236443 -2.149858 3.562109 4.113459 3.443501 2.790646 -1.221313 -0.681494 -0.521750 1.253767 0.276504 0.005963 -0.237403 -0.566075 0.329308 1.206800 -0.791961 -0.132978 -2.129461 -2.102475 3.528270 4.215532 2.233314 -0.728126 -1.527118 -0.829982 0.185873 1.287876 0.070804 0.007679 0.112813 -0.183465 0.591540 0.194363 -0.885827 0.979725 -1.913486 -1.893172 3.237367 4.471451 3.982504 0.151138 -1.428047 -0.282153 0.919945 0.482924 0.252173 0.207022 0.708354 0.748986 1.677721 0.309355 -0.342394 0.457811 -1.684751 -1.615480 2.473808 3.484267 3.490546 0.908938 -0.302618 -0.645359 0.829827 -0.475203 -0.201308 0.183621 0.667272 1.789715 2.360450 -3.991729 0.278127 -0.271991 -1.348388 -1.361302 1.573135 2.209025 2.057786 -0.563949 -1.304864 -0.228849 0.480973 0.436577 0.112629 0.003518 0.400242 1.285908 -1.528720 -1.193772 1.907087 -0.323621 -0.997673 -1.123265 0.862362 1.253251 1.029361 0.376392 -0.584952 -1.018368 -1.685486 0.724355 0.087053 -0.329469 -0.126211 -1.316412 -0.092706 1.757501 0.425184 -0.240304 -0.740593 -0.895596 0.390523 0.646006 0.652439 0.611421 0.474058 0.729352 1.288496 1.055777 0.438151 0.462185 0.661026 1.173855 1.264085 0.530616 0.249680 -0.162920 -0.577768 -0.684012 0.203456 0.462557 0.611304 0.834723 1.025413 1.145783 0.987034 0.812449 0.472396 0.106327 -0.152974 -0.278719 0.068129 0.501548 0.127308 -0.234733 -0.456250 -0.479834 0.169075 0.475685 0.684921 1.021053 1.354572 1.438957 1.224775 0.881451 0.424304 0.071324 -0.086084 -0.099972 -0.037477 0.046539 -0.117599 -0.262814 -0.363887 -0.321610 0.123033 0.366734 0.520844 0.744800 0.943816 0.983279 0.840068 0.597867 0.326027 0.130823 0.034534 -0.028845 -0.081376 -0.114560 -0.131551 -0.127685 -0.115765 -0.061517 0.130047 0.140754 0.099295 0.048589 -0.003202 -0.044748 -0.070835 -0.079847 -0.074602 -0.065566 -0.054385 -0.031614 -0.004387 0.000229 -0.021130 -0.051473 -0.080021 -0.079586 0.517737 0.538722 0.372801 0.189264 0.032137 -0.040924 -0.035627 -0.035243 -0.047929 -0.004294 0.077302 0.086956 0.005939 -0.108296 -0.232252 -0.355619 -0.463935 -0.407913 0.758100 0.806669 0.590594 0.368562 0.200594 0.170713 0.247108 0.231716 0.133994 0.207506 0.410533 0.411163 0.150271 -0.131470 -0.340795 -0.526380 -0.686041 -0.602251 1.114452 1.255682 1.010954 0.761128 0.548077 0.503661 0.707083 0.840727 0.173740 0.195638 0.596537 0.727851 0.282426 -0.226491 -0.466306 -0.700886 -0.939624 -0.851479 1.573014 1.914781 1.702061 1.444801 1.200033 1.599079 1.358972 2.131500 -0.967257 -1.535345 0.124041 2.754931 0.245302 -0.503278 -0.467501 -0.767912 -1.141606 -1.108775 2.110100 2.659150 2.454532 2.204523 2.303467 2.800821 -0.244599 -0.296009 -1.499464 -0.160185 0.151049 0.701232 -0.545936 0.093821 -0.429443 -0.731662 -1.314615 -1.368906 2.682129 3.343722 3.045876 2.715120 2.300398 2.873562 1.719199 -0.466754 0.198245 0.636367 1.307646 0.451269 -1.162951 0.590299 0.638196 -0.703246 -1.458413 -1.609248 3.173481 3.889285 3.460642 2.978952 1.532297 1.618792 1.191355 -1.374694 1.365245 2.042812 -0.630308 0.778240 0.973920 -0.749985 0.288846 -0.967752 -1.637719 -1.818366 3.467106 4.214519 3.661980 3.139840 2.234879 1.484189 0.653370 -0.659364 1.762722 2.869582 0.366904 0.249322 0.576979 0.759912 -0.376071 -0.789677 -1.889421 -1.982016 3.613674 4.328629 3.467483 2.920423 1.990314 -0.217523 -0.470931 0.097557 2.061363 1.963158 0.815762 0.823136 0.899829 0.848445 -0.109520 1.007831 -2.120374 -2.097713 3.663781 4.247616 3.516160 4.130591 1.845523 -1.239011 -1.175357 -0.716320 -0.328383 0.793007 0.776031 -0.104278 0.457290 0.572050 -2.030937 1.097583 -2.093352 -2.159835 3.663360 4.117987 3.641762 4.114219 0.307688 -0.673023 1.071424 1.200939 -0.018558 -0.107690 0.536520 0.127746 0.672278 1.019110 -1.405312 0.398797 -1.935612 -2.110447 3.656281 4.213739 2.427384 -0.781010 -1.529265 1.061664 0.934282 0.873716 0.073696 0.365608 0.259945 0.219755 0.324894 0.267502 -0.508287 0.258110 -1.776108 -1.893890 3.384416 4.550167 4.030379 -0.083198 -1.884234 0.902722 0.138231 0.324346 0.283954 0.113964 0.254244 0.055511 0.583089 1.047952 -0.831341 0.310415 -1.500344 -1.604804 2.584751 3.624953 3.353631 1.348455 -0.652635 -1.431851 0.292247 0.300526 0.256079 0.201124 0.457973 0.435359 1.779697 -1.320203 0.577710 0.112824 -1.210330 -1.337787 1.633393 2.315463 1.865363 -0.126269 -1.225224 -0.998146 -0.290492 0.001384 -0.121616 0.303404 0.840852 1.365443 -0.166869 -1.673209 1.314878 -0.114258 -0.890987 -1.091273 0.901929 1.353787 1.161362 0.711204 -0.511011 -1.256178 -1.766058 0.664745 0.398348 -0.025609 -1.142263 -1.404650 -0.610362 1.947937 0.382796 -0.217500 -0.669398 -0.868793 0.424846 0.711895 0.721872 0.629723 0.481238 0.554531 1.352726 0.915269 -0.172395 -0.023091 -0.043574 1.099557 0.748877 0.375780 0.213107 -0.138053 -0.526817 -0.666964 0.233076 0.516041 0.666883 0.866891 1.117141 1.203307 0.962564 0.810722 0.371460 0.111898 -0.049224 -0.246166 -0.153736 0.298892 0.098955 -0.191965 -0.421618 -0.468526 0.194639 0.524897 0.741733 1.084987 1.429074 1.551338 1.264357 0.920115 0.438042 0.055487 -0.107357 -0.121620 -0.065458 0.042448 -0.098295 -0.233628 -0.342607 -0.313394 0.135574 0.394421 0.555889 0.792797 1.004062 1.043699 0.885195 0.621610 0.326120 0.118287 0.023067 -0.034096 -0.077791 -0.106689 -0.126055 -0.124631 -0.113793 -0.060208 0.124977 0.130532 0.087146 0.034330 -0.018533 -0.059653 -0.084135 -0.092326 -0.086754 -0.074984 -0.058827 -0.031914 -0.002470 0.002379 -0.020048 -0.050559 -0.078145 -0.077262 0.505283 0.514145 0.343851 0.154736 -0.004068 -0.065684 -0.040085 -0.032040 -0.053688 -0.025926 0.039878 0.043799 -0.030922 -0.132451 -0.241373 -0.352778 -0.454437 -0.396404 0.741468 0.774286 0.552736 0.323105 0.154887 0.157644 0.298499 0.307394 0.182633 0.201458 0.335899 0.301999 0.050358 -0.200558 -0.368484 -0.524534 -0.672424 -0.585467 1.091464 1.211923 0.958554 0.686995 0.432790 0.504971 1.183780 1.596094 0.601395 0.551911 0.795476 0.548973 0.024532 -0.369266 -0.532894 -0.710020 -0.926238 -0.828228 1.541428 1.856339 1.627582 1.327177 0.903825 1.053344 1.093680 2.645203 0.649709 1.653263 2.575876 1.827081 -0.373550 -0.824545 -0.695188 -0.817663 -1.139126 -1.079376 2.070044 2.577546 2.313072 1.875103 1.589202 0.991291 -1.345479 -1.245297 -1.470872 0.641292 1.741410 0.467666 -0.259010 0.174002 -0.643397 -0.821240 -1.328447 -1.331763 2.636482 3.225940 2.775771 2.074126 1.668854 1.035258 0.046976 -1.350050 -0.498264 0.840254 0.445909 0.190635 -0.702523 1.333999 0.549451 -0.830696 -1.490696 -1.561376 3.122767 3.735940 3.076112 2.190548 1.238573 0.945616 -0.263012 -1.892610 -0.564590 0.938433 -0.270361 1.234206 0.856112 -2.203485 1.031626 -0.917987 -1.636418 -1.753858 3.409446 4.023955 3.165655 2.365805 0.880030 -0.048153 -0.237251 -0.614472 0.566113 2.038342 0.377919 -0.389135 1.281435 -0.192586 0.311292 -0.622565 -1.787275 -1.893676 3.539556 4.110411 2.627023 1.048518 -0.291542 -0.749495 -0.041551 -0.573765 0.880015 1.320871 0.387926 -0.474164 1.176348 0.609010 -1.025873 0.386337 -1.914537 -1.985915 3.557143 4.039897 2.621342 1.198033 -0.779487 -0.467196 -0.688510 -1.319434 -0.094562 0.305607 -1.215110 -1.295623 0.560494 0.503113 -1.137832 1.136292 -1.889016 -2.037153 3.517100 3.948575 2.743864 0.670446 -0.981554 -0.131711 -0.900996 -0.290180 0.195394 -0.928166 -1.806720 -0.963866 0.157279 0.856853 -1.001885 -0.407543 -1.815352 -1.989817 3.471153 4.322361 3.652176 -0.907392 -1.282603 0.124474 0.781382 0.482832 0.018526 -0.305182 -0.821407 -0.682239 -0.096591 0.865625 -1.116269 -1.220491 -1.665554 -1.788043 3.177830 4.552509 4.838967 0.714907 -1.063003 -0.492836 0.504763 0.431571 0.410257 0.049362 -0.354297 -0.362001 0.420440 1.255064 -1.488774 0.106711 -1.269391 -1.512983 2.394364 3.510953 3.112914 1.498505 0.272506 -1.104026 0.711621 0.023789 0.199480 0.052848 -0.035789 0.530096 1.850773 -1.277912 0.257603 -0.091027 -0.976977 -1.247346 1.486489 2.167000 1.584714 1.532791 0.184733 -1.082496 1.357915 0.827225 0.383642 0.437615 0.595227 0.778095 -0.911362 -3.383249 0.883395 -0.079254 -0.733285 -1.002528 0.817657 1.294765 1.197023 1.168270 0.172903 -1.625848 -1.574859 1.849465 0.746414 -0.252695 -0.737197 -1.576122 -0.276005 1.364423 0.194054 -0.126932 -0.555922 -0.792220 0.396385 0.715708 0.763952 0.662903 0.408167 0.162169 1.352959 1.319878 0.263462 -0.082058 0.160907 1.015080 0.237580 0.236281 0.064246 -0.109249 -0.446337 -0.607176 0.227730 0.531753 0.693221 0.868468 1.004690 0.941792 0.896350 0.692305 0.394396 0.083366 -0.209644 -0.383486 -0.258766 0.145835 0.066356 -0.150565 -0.367008 -0.425572 0.194076 0.530754 0.744563 1.062242 1.360315 1.464199 1.179318 0.808863 0.411421 0.069281 -0.108782 -0.160315 -0.080139 0.044639 -0.073565 -0.200206 -0.304989 -0.283870 0.136266 0.390830 0.545782 0.769778 0.965428 0.996526 0.838788 0.584171 0.303874 0.109347 0.022263 -0.030024 -0.069563 -0.096600 -0.116945 -0.116458 -0.105640 -0.054488 0.111592 0.111182 0.068462 0.016572 -0.034622 -0.074109 -0.097726 -0.107761 -0.105587 -0.093486 -0.073125 -0.043217 -0.012575 -0.005047 -0.022854 -0.048168 -0.071294 -0.068773 0.456871 0.443534 0.272731 0.076702 -0.093577 -0.171782 -0.160875 -0.145945 -0.143271 -0.106761 -0.048812 -0.039439 -0.090359 -0.163708 -0.245569 -0.332624 -0.415909 -0.354776 0.671629 0.670636 0.444600 0.194247 -0.007237 -0.049087 0.057724 0.111419 0.069344 0.105411 0.198064 0.139276 -0.066783 -0.254457 -0.377043 -0.495525 -0.616518 -0.524887 0.990928 1.065747 0.802274 0.471493 0.139382 0.068800 0.398784 0.659558 0.370053 0.444604 0.659250 0.257828 -0.104052 -0.402842 -0.546296 -0.679398 -0.855199 -0.744033 1.403124 1.666935 1.420129 0.994410 0.562780 0.221772 -0.036391 0.640448 0.132907 1.645074 3.778355 1.197132 -0.293681 -0.621630 -0.682281 -0.813282 -1.066110 -0.971914 1.890206 2.349874 2.028279 1.487539 1.387071 -0.886889 -1.488655 -0.157061 -3.213686 -1.464166 2.753629 0.057990 0.278678 -0.385664 -0.659980 -0.867516 -1.260832 -1.201538 2.416456 2.973754 2.432121 1.522165 1.193298 -2.094059 -3.170288 -0.322424 -0.990162 -0.145445 -0.355748 -0.871538 0.022475 1.465754 0.027167 -0.897561 -1.428988 -1.410863 2.869239 3.481331 2.656637 1.014192 0.916959 -1.378602 -1.773396 -1.543971 -2.529370 1.618164 1.051749 1.239128 -0.346462 -0.153363 1.206767 -0.944154 -1.561884 -1.583491 3.133958 3.793276 2.761807 1.117639 0.048866 -1.428526 -1.717005 -1.817915 -1.880364 0.963029 -0.019554 0.353847 1.619629 -1.216623 0.598040 -0.906312 -1.650316 -1.703325 3.236524 3.895363 2.658040 1.051299 -0.926350 -0.363263 -0.603539 -1.402127 0.073189 -0.104237 -0.071959 -0.227852 1.227904 -0.310374 0.245911 -0.536785 -1.703914 -1.776004 3.207505 3.871011 2.394896 0.144456 -1.014790 -0.544906 -0.372805 -0.087014 -0.301456 -0.704777 -0.909160 -0.592796 1.080692 -0.530355 -0.516522 -0.375726 -1.743021 -1.810247 3.099802 3.733114 2.281306 -0.388096 0.036946 -1.397446 -1.193430 -0.611388 -0.734167 -0.979711 -1.597465 -0.717929 0.914758 0.119900 -0.137002 -0.243937 -1.704398 -1.762595 2.964320 3.732566 2.810536 -0.650064 -1.089817 -1.351735 1.039408 -0.314619 -0.566095 -0.729284 -0.881264 -0.393582 0.353149 -0.684219 0.552638 0.298547 -1.517161 -1.589979 2.636511 3.684333 3.637954 -0.163215 -1.386986 -0.069812 1.239404 -0.179703 0.002645 -0.275804 -0.413841 0.423738 1.022552 -2.162880 -0.585453 -0.415525 -1.220113 -1.351335 1.945695 2.806948 2.342003 0.497944 -0.942814 -0.837956 1.138972 -0.667392 0.374081 0.147811 0.122325 1.873444 0.881527 -3.464123 0.294447 -0.337290 -0.906866 -1.104886 1.184395 1.795144 1.307633 1.835685 -0.337665 -2.768094 0.028848 0.150204 0.753091 0.388775 0.149802 -0.066778 -1.699270 0.867825 0.970772 -0.180698 -0.642798 -0.872207 0.643533 1.122403 1.095979 1.219375 0.209916 -1.625412 -1.906928 0.754779 -0.091932 -0.698942 0.276906 -0.548066 0.821086 1.736049 0.179982 -0.099003 -0.464948 -0.676275 0.314561 0.672337 0.792219 0.784602 0.513289 0.294731 0.343825 0.729211 0.241319 -0.077286 0.284047 0.855099 0.398957 0.328538 0.034114 -0.115198 -0.365900 -0.509349 0.187381 0.513324 0.702775 0.891741 0.927428 0.807837 0.698777 0.538178 0.231226 -0.059600 -0.295534 -0.204783 0.128238 0.239531 0.063521 -0.126562 -0.302235 -0.353267 0.166041 0.494653 0.700952 0.977214 1.199946 1.211001 0.995720 0.689921 0.306291 0.054455 -0.074598 -0.058741 0.050860 0.041823 -0.065090 -0.171113 -0.257009 -0.234742 0.124112 0.355512 0.491418 0.677732 0.830675 0.846539 0.710231 0.497887 0.267512 0.107638 0.032118 -0.017978 -0.060242 -0.090465 -0.108096 -0.105080 -0.092401 -0.044683 0.093515 0.088073 0.048518 0.000366 -0.046799 -0.083404 -0.105982 -0.117752 -0.118915 -0.107449 -0.084948 -0.054745 -0.025336 -0.015238 -0.026251 -0.044091 -0.061243 -0.056874 0.387401 0.351790 0.187540 -0.007826 -0.184905 -0.284776 -0.300918 -0.284853 -0.254617 -0.204798 -0.150544 -0.129608 -0.149268 -0.188945 -0.240399 -0.298934 -0.358853 -0.296013 0.570529 0.532937 0.310023 0.046785 -0.184657 -0.286445 -0.252907 -0.179686 -0.122794 -0.048721 0.018212 -0.022924 -0.163555 -0.286855 -0.366273 -0.446134 -0.533588 -0.439172 0.843922 0.862111 0.595385 0.223523 -0.166580 -0.375476 -0.340208 -0.027971 0.042415 0.134693 0.298154 0.134086 -0.196056 -0.435674 -0.526737 -0.618985 -0.746587 -0.624717 1.198655 1.383393 1.125742 0.594308 0.003992 -0.419716 -0.801354 0.147204 0.103674 0.002066 1.161779 0.473526 -0.327524 -0.589233 -0.652187 -0.764495 -0.945156 -0.819522 1.619729 1.987520 1.711417 1.340150 0.896143 -0.542366 -1.028908 0.886749 -0.643160 -0.809226 1.563410 0.817001 0.191571 -0.579367 -0.664989 -0.862239 -1.135901 -1.017291 2.077072 2.554851 2.464794 2.479115 0.287182 -2.241445 -4.131677 -2.108900 -0.566403 -0.139052 -0.744191 -0.321365 1.139954 0.208553 -0.509236 -0.893378 -1.303415 -1.199268 2.470030 3.018175 2.863852 1.956526 -1.006801 -1.118453 -1.014177 -1.830567 -1.233999 0.558109 0.522210 -0.298242 -0.577899 1.752904 0.166036 -0.967975 -1.422031 -1.348137 2.695731 3.283185 2.530218 1.517167 -0.516351 -0.398978 -0.147021 -0.148259 0.560121 0.872468 0.810879 0.263185 -1.297657 -0.053588 0.226443 -1.067059 -1.509168 -1.448850 2.764871 3.538152 2.812015 2.167512 -0.433398 -0.705362 -0.550780 0.221902 0.635792 0.452954 1.038652 0.288200 -0.003516 0.157223 0.622868 -0.940839 -1.549835 -1.504537 2.690222 3.678081 3.240256 1.630615 -0.070714 -0.411732 -1.064303 0.518458 0.161122 0.543182 1.125231 0.478681 0.029975 -0.168348 0.052881 -0.968819 -1.562389 -1.519040 2.517127 3.376084 3.467853 2.177106 0.757472 -1.310558 -1.376705 0.079433 1.560652 0.460935 0.841302 0.606786 0.497109 -0.801531 -0.637633 -0.755848 -1.526241 -1.469346 2.294035 2.731239 1.918926 0.825758 -0.562928 -2.096981 0.146964 -0.566501 1.556994 0.480096 0.696761 0.302125 -0.145971 -0.618652 0.260171 -0.396851 -1.392518 -1.331384 1.946729 2.150735 1.015163 -1.102468 -1.219788 -0.078609 0.026327 -0.253390 0.589754 0.194890 0.424336 1.147864 0.020630 -1.993449 0.441715 -0.610002 -1.161103 -1.138564 1.396026 1.651672 0.910784 -0.359697 -0.422820 -1.351528 -0.823734 0.437903 0.718206 0.530573 -0.003290 0.132709 -1.245273 -0.121135 0.964531 -0.449806 -0.861176 -0.924714 0.831534 1.264601 1.050066 0.927358 0.266547 -0.976740 -1.245131 -0.320884 -0.631265 -0.204892 -1.165101 -1.070189 -0.195062 2.426245 0.513658 -0.206553 -0.575296 -0.716900 0.442740 0.890155 0.979255 0.913494 0.492227 0.246257 0.216676 0.254060 -0.704621 -0.388175 0.443707 0.093434 0.665060 0.731644 0.169305 -0.059793 -0.394151 -0.542013 0.215136 0.587555 0.779235 0.883859 0.772122 0.519647 0.435152 0.408718 0.025526 0.009366 0.140591 -0.093697 0.144845 0.281299 0.046788 -0.077472 -0.296094 -0.396701 0.133368 0.464091 0.673602 0.881419 0.967479 0.862534 0.679507 0.424853 0.059692 -0.139740 -0.199689 -0.028583 0.361350 0.264252 0.016697 -0.104163 -0.240261 -0.270297 0.125654 0.431712 0.624788 0.857071 1.022105 1.023634 0.851970 0.574742 0.241894 0.060273 -0.001548 0.068278 0.125098 0.019069 -0.074856 -0.148280 -0.207225 -0.178493 0.104429 0.302361 0.414449 0.556502 0.661989 0.665118 0.558166 0.398505 0.228278 0.106301 0.041227 -0.008056 -0.054265 -0.085659 -0.098217 -0.091251 -0.076408 -0.033354 0.074292 0.066515 0.032568 -0.009209 -0.050314 -0.082706 -0.103139 -0.113746 -0.114407 -0.103121 -0.081859 -0.055648 -0.031335 -0.021341 -0.026902 -0.038075 -0.049715 -0.044273 0.311444 0.263583 0.116343 -0.061642 -0.226152 -0.329660 -0.362480 -0.355992 -0.325055 -0.277492 -0.226624 -0.193173 -0.184225 -0.194755 -0.221143 -0.255188 -0.293450 -0.232862 0.459629 0.398064 0.192775 -0.054238 -0.277768 -0.400017 -0.409433 -0.364801 -0.298557 -0.226231 -0.171378 -0.175563 -0.234652 -0.292258 -0.335552 -0.382692 -0.438414 -0.346622 0.680804 0.645440 0.390917 0.049108 -0.304906 -0.510349 -0.507640 -0.357364 -0.209808 -0.106545 -0.044409 -0.115473 -0.299143 -0.431560 -0.482384 -0.538170 -0.619788 -0.495588 0.967553 1.041713 0.781529 0.320440 -0.264632 -0.698480 -0.759401 -0.074960 0.174856 0.121856 0.110401 0.006701 -0.347506 -0.592461 -0.631336 -0.683072 -0.797855 -0.654646 1.306376 1.500359 1.202135 0.648158 -0.054477 -0.587858 -0.275580 1.340232 1.061447 1.337288 0.451072 0.106705 -0.446824 -0.701199 -0.730022 -0.821046 -0.975897 -0.817249 1.671609 1.925578 1.595551 1.205806 -0.248909 -0.868180 -1.158675 0.777717 0.082915 1.326427 0.672775 0.725352 -0.333444 -0.683559 -0.752097 -0.934769 -1.142657 -0.967133 1.980523 2.277540 1.908671 1.021670 -1.986838 -1.388681 -2.083806 -2.777577 -2.858365 -0.739510 -0.513189 0.679773 -0.111817 -0.322128 -0.788523 -1.033680 -1.276427 -1.089273 2.149168 2.485815 1.839816 0.741628 -2.047135 -0.861957 -0.980526 -1.815915 -1.273250 -0.468135 -0.381510 -0.306030 -0.197640 0.464257 -0.709500 -1.105220 -1.367128 -1.168250 2.178308 2.677177 2.035310 1.437908 -0.650914 -1.876117 -2.654177 -0.625406 -0.673913 0.308425 0.551644 -1.431103 -0.552030 0.626746 -0.700345 -1.137131 -1.411262 -1.205317 2.068880 2.748498 2.333754 0.610757 -2.744747 -0.962511 -2.239166 -1.231379 -0.144339 -0.317226 0.663853 -1.309832 -1.141615 0.481555 -0.295062 -1.111650 -1.385735 -1.201093 1.866630 2.484900 2.456815 1.088006 -0.984666 1.781413 -0.372911 -0.053520 0.853878 -1.226805 -0.086667 -1.291498 -1.675142 0.212491 -0.252597 -1.074334 -1.326806 -1.148895 1.618407 1.888418 1.384038 0.344752 -0.508273 1.240138 -0.722802 -1.154060 1.446857 -0.395189 -0.217959 -0.723346 -1.099601 0.711236 -0.059768 -0.928798 -1.204718 -1.039278 1.305753 1.295440 0.581575 -0.343733 -1.019972 0.204235 0.118424 -0.554586 0.297294 0.074780 -0.169378 -0.523764 -0.222000 2.327579 0.230725 -0.700993 -0.998986 -0.889894 0.909691 1.007989 0.611984 0.252716 0.104984 -0.653792 -0.141488 0.241566 -0.002939 0.257972 -0.275365 -0.149776 0.488012 1.866128 0.052265 -0.488653 -0.739143 -0.720373 0.532965 0.848363 0.820116 0.745780 0.794909 0.327533 0.403568 0.832594 -0.383665 -0.015751 0.330323 1.384033 0.864982 0.467597 -0.013948 -0.288779 -0.500465 -0.553294 0.278362 0.643847 0.792982 0.873248 0.875929 0.680423 0.612781 0.876673 0.359292 0.129147 0.318989 0.593608 0.522352 0.176887 0.052257 -0.134736 -0.342677 -0.410209 0.133815 0.467190 0.671156 0.846307 0.890617 0.786400 0.650193 0.496110 0.235980 -0.024202 -0.162621 -0.162866 0.279409 0.250169 0.067372 -0.085355 -0.247501 -0.292175 0.086982 0.387014 0.586212 0.793068 0.910816 0.900755 0.764578 0.505485 0.226748 0.053419 -0.024874 -0.026858 0.197085 0.133117 -0.009430 -0.104347 -0.194043 -0.195182 0.087971 0.356660 0.529356 0.727892 0.863156 0.874302 0.750349 0.536669 0.303423 0.143904 0.068580 0.049403 0.031017 -0.028816 -0.088093 -0.133318 -0.164020 -0.127502 0.082450 0.245002 0.336159 0.445442 0.520787 0.520203 0.439653 0.321677 0.195801 0.098569 0.037684 -0.011413 -0.053944 -0.079208 -0.085788 -0.075637 -0.059936 -0.023042 0.056168 0.048424 0.021424 -0.012314 -0.045913 -0.072981 -0.090470 -0.098894 -0.098164 -0.087824 -0.070104 -0.049876 -0.031952 -0.023476 -0.025192 -0.031119 -0.038206 -0.032451 0.238338 0.189248 0.066698 -0.082446 -0.221851 -0.316474 -0.357094 -0.363221 -0.344535 -0.307805 -0.262598 -0.221962 -0.193980 -0.184225 -0.192276 -0.207392 -0.227891 -0.172860 0.352525 0.283585 0.108263 -0.102544 -0.294740 -0.413364 -0.448120 -0.438449 -0.403532 -0.354706 -0.306013 -0.275988 -0.269187 -0.275522 -0.291598 -0.313244 -0.342613 -0.258357 0.522386 0.453496 0.227267 -0.049915 -0.310433 -0.468975 -0.498366 -0.451679 -0.378889 -0.321357 -0.294207 -0.309672 -0.358988 -0.398109 -0.420033 -0.447157 -0.490305 -0.371984 0.741515 0.721179 0.473650 0.147162 -0.197282 -0.427462 -0.437519 -0.200331 -0.077363 -0.132586 -0.186672 -0.283755 -0.437133 -0.534534 -0.554461 -0.581239 -0.643003 -0.496257 0.997539 1.026766 0.733449 0.305970 -0.116403 -0.288110 -0.076592 0.359532 0.340132 0.139911 -0.101007 -0.254263 -0.545854 -0.676168 -0.699581 -0.723688 -0.800524 -0.624592 1.268750 1.303147 0.895775 0.361738 -0.005474 0.078548 0.523667 0.993943 0.465218 0.770263 0.137727 -0.219047 -0.678633 -0.840494 -0.849348 -0.872021 -0.952876 -0.743192 1.491996 1.523000 1.014008 0.237285 -0.456137 0.184579 0.141401 0.403920 0.828009 1.637836 0.288612 -0.114230 -0.691537 -0.959911 -0.991691 -1.011793 -1.087212 -0.839287 1.603445 1.656646 1.085347 -0.014875 -1.254179 -0.431207 -0.078824 -0.948806 -0.337248 1.220064 0.848615 0.490457 -0.258463 -0.948162 -1.073442 -1.115829 -1.188986 -0.899563 1.599759 1.716553 1.156418 0.109137 -0.856771 -0.971515 -1.013916 -0.976027 -0.410626 0.865361 0.640332 0.668692 0.251964 -0.923068 -1.143140 -1.169602 -1.239339 -0.923154 1.477581 1.710559 1.303739 0.302509 -1.208270 -0.079571 -0.133811 -0.142347 1.295826 -0.506961 -0.319547 -0.038180 0.398080 -1.034332 -1.212831 -1.155856 -1.212506 -0.908921 1.280174 1.559837 1.331569 0.775310 0.420983 2.335132 -0.234246 -0.080762 1.523816 -0.350390 0.119512 -0.177965 0.329927 -0.765939 -1.071143 -1.066645 -1.132283 -0.858113 1.050843 1.191611 0.932535 0.739722 1.173082 1.864806 -0.775879 -1.419347 -0.884149 -0.774462 -0.147870 0.886838 0.757627 -0.280231 -0.823112 -0.894686 -0.993921 -0.771134 0.800814 0.813534 0.519288 0.442007 0.567103 0.974452 1.027613 0.160643 -0.386275 -0.164396 -0.287531 -0.124259 -0.292106 -0.135972 -0.535746 -0.661828 -0.809294 -0.658644 0.541305 0.633067 0.492151 0.542526 0.736614 0.834623 0.912805 0.979901 0.882465 0.503185 0.114688 0.021777 -0.197183 -0.058477 -0.284970 -0.444472 -0.606454 -0.532231 0.314188 0.543758 0.598999 0.690541 0.795892 0.831028 0.816879 0.850443 0.534968 0.238625 0.141933 0.248257 0.064795 -0.080684 -0.130084 -0.285225 -0.425308 -0.406620 0.161347 0.438837 0.591047 0.736415 0.826791 0.856240 0.840509 0.725357 0.455584 0.257413 0.154612 0.110437 0.055663 -0.020917 -0.086088 -0.182476 -0.296077 -0.296219 0.076229 0.350238 0.531626 0.719703 0.837177 0.878441 0.839261 0.676314 0.433717 0.243690 0.088534 0.072914 0.192201 0.066914 -0.033165 -0.127376 -0.211373 -0.205140 0.052453 0.304884 0.477204 0.666812 0.795160 0.832690 0.766193 0.606767 0.404468 0.234303 0.107082 0.040952 0.063337 0.006538 -0.062316 -0.116835 -0.159014 -0.133845 0.057512 0.281544 0.429157 0.598486 0.717241 0.742223 0.664789 0.522081 0.350971 0.206908 0.105624 0.032102 -0.020800 -0.065025 -0.101511 -0.120480 -0.127786 -0.085993 0.061309 0.189092 0.261473 0.345751 0.402030 0.402625 0.344869 0.258964 0.165000 0.085961 0.028892 -0.016817 -0.051875 -0.069879 -0.071308 -0.059554 -0.044565 -0.014682 0.040332 0.034880 0.015621 -0.008682 -0.033228 -0.053539 -0.067266 -0.074238 -0.074237 -0.067078 -0.054497 -0.040345 -0.027871 -0.021238 -0.020975 -0.023599 -0.027473 -0.022273 0.172884 0.135931 0.045623 -0.065247 -0.170822 -0.247443 -0.287521 -0.301479 -0.294573 -0.271170 -0.237617 -0.202529 -0.172915 -0.156524 -0.154348 -0.157442 -0.165932 -0.120248 0.256087 0.202318 0.071019 -0.088030 -0.236080 -0.336918 -0.381658 -0.392458 -0.379918 -0.351042 -0.314017 -0.278065 -0.249921 -0.235425 -0.235168 -0.239601 -0.251118 -0.180556 0.379488 0.316622 0.140846 -0.067805 -0.257536 -0.379705 -0.424357 -0.424256 -0.400016 -0.374729 -0.358185 -0.346738 -0.340257 -0.338032 -0.341086 -0.347235 -0.364031 -0.262120 0.538012 0.489619 0.283443 0.045998 -0.165202 -0.290716 -0.324259 -0.301125 -0.258487 -0.260097 -0.310378 -0.369310 -0.420055 -0.447153 -0.454212 -0.461751 -0.486636 -0.353789 0.721499 0.688200 0.441707 0.158675 -0.080195 -0.186145 -0.156354 -0.072374 -0.014226 -0.065807 -0.234471 -0.389656 -0.517928 -0.579424 -0.583545 -0.585562 -0.615912 -0.450441 0.913000 0.874087 0.556323 0.186508 -0.081636 -0.129990 0.046200 0.197076 0.257645 0.186372 -0.132838 -0.423013 -0.646608 -0.740763 -0.730638 -0.714179 -0.741733 -0.541923 1.067778 1.020494 0.628085 0.133365 -0.241397 -0.286971 -0.004931 0.296720 0.568147 0.478862 0.012069 -0.462278 -0.763918 -0.878224 -0.869484 -0.834852 -0.851499 -0.617414 1.140607 1.100288 0.659163 -0.004397 -0.618766 -0.810141 -0.509557 0.033588 0.680440 0.735373 0.249687 -0.316336 -0.725171 -0.944055 -0.965617 -0.931647 -0.932058 -0.665732 1.127772 1.125962 0.705102 -0.001510 -0.763537 -1.036427 -0.760087 -0.155483 0.652934 0.904773 0.465554 -0.066323 -0.665094 -1.004107 -1.011331 -0.980476 -0.969564 -0.684881 1.025522 1.110050 0.819177 0.342371 -0.191208 -0.384490 -0.354895 0.089130 1.009542 0.917771 0.552016 -0.117218 -0.722908 -1.062770 -1.011484 -0.962793 -0.950042 -0.672836 0.868048 1.016172 0.864473 0.707776 0.615173 0.519842 -0.033033 0.286802 1.403069 0.974001 0.693142 -0.012262 -0.601924 -0.927516 -0.902130 -0.874432 -0.879269 -0.632644 0.689541 0.807925 0.695187 0.692879 0.841530 0.627952 0.084938 0.225863 0.541213 0.506815 0.481278 0.186334 -0.342820 -0.670420 -0.669493 -0.712549 -0.763271 -0.567342 0.506913 0.590313 0.499002 0.547583 0.685748 0.503353 0.311849 0.385558 0.317027 0.321009 0.312378 0.132062 -0.157066 -0.371096 -0.438076 -0.543520 -0.623186 -0.483890 0.337076 0.468311 0.463956 0.561564 0.698901 0.705947 0.553830 0.558484 0.493140 0.308529 0.249568 0.149624 -0.023463 -0.154874 -0.275408 -0.400001 -0.478527 -0.389240 0.196213 0.395488 0.487198 0.621942 0.745440 0.846187 0.835257 0.735926 0.521891 0.312021 0.197342 0.079647 -0.008854 -0.081523 -0.177924 -0.276819 -0.347424 -0.294421 0.100523 0.325117 0.464710 0.626940 0.753406 0.848733 0.871750 0.748825 0.521063 0.332313 0.175802 0.063840 -0.008279 -0.059939 -0.127571 -0.192856 -0.247450 -0.210293 0.047114 0.269008 0.421357 0.594987 0.724733 0.793440 0.780446 0.664895 0.478628 0.310447 0.178543 0.095494 0.029586 -0.038688 -0.095720 -0.141883 -0.176123 -0.141423 0.033341 0.234839 0.374482 0.534029 0.650318 0.694080 0.654306 0.547896 0.400332 0.258717 0.142877 0.055472 -0.005156 -0.054721 -0.093002 -0.115368 -0.127333 -0.089955 0.037908 0.213060 0.330329 0.465783 0.563435 0.590971 0.541266 0.442442 0.317761 0.200129 0.103473 0.024290 -0.036415 -0.076843 -0.098183 -0.101304 -0.096463 -0.056766 0.042976 0.136605 0.190194 0.251854 0.292799 0.294943 0.256211 0.196550 0.129218 0.069020 0.021957 -0.015380 -0.042179 -0.054569 -0.053614 -0.043151 -0.031047 -0.008970 0.028626 0.025869 0.013060 -0.003209 -0.019951 -0.034306 -0.044677 -0.050713 -0.052048 -0.048223 -0.040297 -0.030967 -0.022434 -0.017435 -0.016432 -0.017306 -0.019235 -0.014897 0.123660 0.101685 0.040144 -0.036290 -0.111081 -0.169092 -0.204582 -0.222152 -0.223973 -0.211995 -0.190217 -0.164971 -0.141519 -0.125870 -0.119362 -0.116205 -0.117871 -0.081575 0.183291 0.150685 0.060327 -0.050751 -0.157632 -0.237231 -0.282180 -0.302611 -0.303439 -0.288660 -0.263627 -0.235212 -0.209089 -0.191298 -0.183310 -0.178220 -0.179615 -0.123132 0.271486 0.230131 0.104628 -0.046031 -0.186990 -0.286682 -0.336940 -0.355647 -0.353254 -0.341040 -0.325258 -0.306940 -0.289063 -0.275727 -0.268620 -0.262167 -0.263868 -0.180466 0.384366 0.343316 0.185084 0.002754 -0.160296 -0.267354 -0.311643 -0.319412 -0.310303 -0.312116 -0.330496 -0.348193 -0.359544 -0.363464 -0.362085 -0.356253 -0.359598 -0.246844 0.514110 0.476684 0.283345 0.068906 -0.112485 -0.214253 -0.232353 -0.212946 -0.192432 -0.218634 -0.294077 -0.369210 -0.424608 -0.454083 -0.461172 -0.456763 -0.462253 -0.318857 0.648025 0.612804 0.379695 0.127314 -0.074269 -0.156536 -0.115824 -0.051907 -0.013338 -0.068086 -0.220528 -0.371849 -0.482025 -0.541555 -0.558064 -0.554914 -0.562224 -0.389678 0.755513 0.726999 0.461869 0.167377 -0.071462 -0.148123 -0.052202 0.070507 0.167887 0.111122 -0.098553 -0.330286 -0.508502 -0.608693 -0.637729 -0.636663 -0.645898 -0.450204 0.805626 0.794317 0.517506 0.178155 -0.129944 -0.245996 -0.134292 0.091821 0.323440 0.319717 0.079316 -0.216042 -0.476102 -0.635403 -0.684106 -0.687583 -0.699297 -0.491086 0.795607 0.817738 0.566103 0.235898 -0.102166 -0.248381 -0.152407 0.095030 0.387114 0.492017 0.260246 -0.065395 -0.406722 -0.625554 -0.692122 -0.701791 -0.717615 -0.509827 0.722673 0.800223 0.627183 0.419654 0.191834 0.050825 0.035634 0.190136 0.470226 0.612334 0.409025 0.038080 -0.353639 -0.590105 -0.658851 -0.673319 -0.696018 -0.503910 0.611342 0.738548 0.653249 0.596045 0.539381 0.414379 0.254696 0.323497 0.538987 0.598929 0.454024 0.124908 -0.272035 -0.510702 -0.583769 -0.609843 -0.641980 -0.475763 0.486131 0.629484 0.596570 0.621487 0.666398 0.585856 0.429199 0.430891 0.490349 0.503836 0.381345 0.131183 -0.182650 -0.395304 -0.475160 -0.519698 -0.562987 -0.427812 0.358780 0.509109 0.516345 0.583584 0.663833 0.637447 0.533212 0.491854 0.449848 0.388031 0.290741 0.115535 -0.106105 -0.274540 -0.361613 -0.420723 -0.469656 -0.364898 0.241032 0.413483 0.471755 0.577382 0.681872 0.713200 0.640377 0.566748 0.469816 0.345638 0.239779 0.109104 -0.048320 -0.182211 -0.268576 -0.327904 -0.372567 -0.291850 0.142991 0.335577 0.438404 0.572973 0.687847 0.753462 0.743987 0.655555 0.500822 0.343914 0.204779 0.077313 -0.035429 -0.131759 -0.200812 -0.246644 -0.281310 -0.218088 0.074773 0.268116 0.391445 0.539517 0.657135 0.722361 0.716255 0.628974 0.479849 0.324317 0.179698 0.058241 -0.032860 -0.103448 -0.153410 -0.184190 -0.205300 -0.152911 0.035507 0.216442 0.341372 0.488297 0.601140 0.651822 0.628490 0.544035 0.416930 0.281883 0.157156 0.051629 -0.029571 -0.086849 -0.122279 -0.138646 -0.145946 -0.100238 0.024461 0.182462 0.292494 0.421102 0.517744 0.553899 0.521627 0.442682 0.334727 0.222043 0.118781 0.031189 -0.035795 -0.079396 -0.101171 -0.105104 -0.101969 -0.062317 0.026791 0.160264 0.250407 0.355828 0.433719 0.458250 0.423596 0.351910 0.259315 0.165865 0.082444 0.011481 -0.042861 -0.075142 -0.086463 -0.082135 -0.072963 -0.038689 0.029566 0.096121 0.134618 0.179065 0.209121 0.212408 0.187076 0.145944 0.097914 0.053375 0.017183 -0.011365 -0.031137 -0.039683 -0.038123 -0.029995 -0.021118 -0.005580 0.008146 0.009711 0.007812 0.005166 0.001775 -0.002146 -0.006235 -0.009847 -0.012461 -0.013429 -0.012776 -0.011216 -0.009274 -0.007563 -0.006338 -0.005379 -0.004877 -0.002891 0.036069 0.040120 0.029742 0.015716 -0.001058 -0.019094 -0.036859 -0.052370 -0.063995 -0.069841 -0.069866 -0.065922 -0.059421 -0.051951 -0.044641 -0.037253 -0.032233 -0.017411 0.053445 0.058974 0.043366 0.022534 -0.001959 -0.027702 -0.052590 -0.074252 -0.090752 -0.099992 -0.101838 -0.098167 -0.090515 -0.080642 -0.070094 -0.058750 -0.050724 -0.027211 0.078572 0.085993 0.062974 0.033684 0.000916 -0.031808 -0.062375 -0.089687 -0.112158 -0.127548 -0.135219 -0.135911 -0.130538 -0.120366 -0.107205 -0.091091 -0.078844 -0.042255 0.109798 0.119162 0.087181 0.049725 0.011530 -0.022925 -0.052908 -0.081974 -0.110223 -0.135319 -0.155350 -0.167825 -0.171630 -0.166260 -0.153298 -0.132912 -0.115710 -0.062216 0.145021 0.158532 0.118731 0.076186 0.037033 0.005050 -0.020952 -0.048428 -0.080112 -0.116652 -0.154980 -0.186826 -0.207434 -0.212859 -0.203817 -0.180771 -0.158878 -0.086169 0.180705 0.202596 0.159243 0.118063 0.084725 0.059109 0.038332 0.015840 -0.014312 -0.061959 -0.123897 -0.183011 -0.229018 -0.252427 -0.252252 -0.229610 -0.204510 -0.112452 0.209960 0.244821 0.203987 0.172284 0.152369 0.136494 0.120001 0.101213 0.072282 0.013502 -0.072448 -0.160800 -0.235534 -0.279687 -0.290285 -0.270589 -0.244874 -0.137219 0.225792 0.278565 0.248153 0.235743 0.237724 0.234476 0.219161 0.198161 0.164769 0.094335 -0.010818 -0.124296 -0.225908 -0.289192 -0.309458 -0.294755 -0.272134 -0.156572 0.227088 0.301427 0.288153 0.300375 0.326249 0.336189 0.321599 0.295325 0.254048 0.174147 0.054212 -0.079229 -0.205066 -0.284858 -0.312219 -0.302798 -0.285365 -0.168868 0.212729 0.311000 0.320393 0.358127 0.403901 0.425388 0.412521 0.383113 0.335605 0.248480 0.117488 -0.033350 -0.178903 -0.270648 -0.301005 -0.295401 -0.283636 -0.172463 0.187537 0.308684 0.342756 0.403560 0.463092 0.490618 0.476927 0.444968 0.392584 0.296817 0.160805 0.002313 -0.152196 -0.248315 -0.278999 -0.276104 -0.269120 -0.167260 0.156333 0.295878 0.353121 0.431173 0.495338 0.521386 0.502768 0.465040 0.406900 0.307466 0.169320 0.015173 -0.129963 -0.219933 -0.249398 -0.248449 -0.243990 -0.153160 0.122070 0.269425 0.342754 0.431490 0.496879 0.520122 0.497539 0.454890 0.392550 0.292126 0.158312 0.016793 -0.109939 -0.188374 -0.215052 -0.214747 -0.210562 -0.131706 0.087701 0.226158 0.302907 0.395012 0.463967 0.489782 0.468356 0.424785 0.362252 0.265311 0.141345 0.016604 -0.090055 -0.155772 -0.178702 -0.177304 -0.171146 -0.104437 0.056943 0.177489 0.249856 0.338774 0.408779 0.437635 0.420399 0.379245 0.319037 0.229970 0.120167 0.014407 -0.071946 -0.124403 -0.142720 -0.139336 -0.130626 -0.076040 0.033503 0.134708 0.199669 0.279503 0.343200 0.370296 0.355950 0.318501 0.263627 0.187594 0.097952 0.012925 -0.055645 -0.096435 -0.109379 -0.103969 -0.093808 -0.051168 0.018093 0.100214 0.155630 0.222909 0.276217 0.298856 0.286654 0.253667 0.205826 0.144544 0.076110 0.011150 -0.041775 -0.072340 -0.080278 -0.073589 -0.063288 -0.031537 0.011301 0.074702 0.118164 0.170461 0.211473 0.228550 0.218355 0.190987 0.151769 0.104517 0.054357 0.007531 -0.030200 -0.051248 -0.055571 -0.049293 -0.040596 -0.018366 0.009401 0.057693 0.090405 0.129510 0.159768 0.171891 0.163318 0.141183 0.109907 0.073870 0.037233 0.004065 -0.021864 -0.035757 -0.037876 -0.032687 -0.026017 -0.010745 0.006987 0.024912 0.035688 0.048346 0.057480 0.059992 0.055140 0.045593 0.033310 0.020694 0.009262 -0.000210 -0.006941 -0.009996 -0.009695 -0.007434 -0.004948 -0.000891)
(InitialTransformParametersFileName "/home/ybr19/Software/Registration/elastixReg/TemporaryResults/OutputAffine/TransformParameters.0.txt")
(HowToCombineTransforms "Compose")

// Image specific
(FixedImageDimension 3)
(MovingImageDimension 3)
(FixedInternalImagePixelType "float")
(MovingInternalImagePixelType "float")
(Size 148 176 144)
(Index 0 0 0)
(Spacing 1.5472972393 1.5472972393 1.4900000095)
(Origin -107.7472152710 -148.0010986328 -137.0252075195)
(Direction -0.0000000000 0.0000000000 1.0000000000 0.0000000000 1.0000000000 0.0000000000 1.0000000000 0.0000000000 0.0000000000)
(UseDirectionCosines "true")

// BSplineTransform specific
(GridSize 18 21 17)
(GridIndex 0 0 0)
(GridSpacing 16.2147598784 16.0145056590 16.0565035113)
(GridOrigin -129.6066466794 -172.7135457839 -162.1703863975)
(GridDirection -0.0000000000 0.0000000000 1.0000000000 0.0000000000 1.0000000000 0.0000000000 1.0000000000 0.0000000000 0.0000000000)
(BSplineTransformSplineOrder 3)
(UseCyclicTransform "false")

// ResampleInterpolator specific
(ResampleInterpolator "FinalBSplineInterpolator")
(FinalBSplineInterpolationOrder 3)

// Resampler specific
(Resampler "DefaultResampler")
(DefaultPixelValue 0.000000)
(ResultImageFormat "nii")
(ResultImagePixelType "float")
(CompressResultImage "false")

=============== end of TransformParameterFile ===============

Creating the TransformParameterFile took 0.02s

Registration result checksum: 1708760411

Skipping applying final transform, no resulting output image generated.

Final metric value  = -0.732627
Settings of AdaptiveStochasticGradientDescent for all resolutions:
( SP_a 29266.094558 74524.477662 134995.735251 )
( SP_A 20.000000 20.000000 20.000000 )
( SP_alpha 1.000000 1.000000 1.000000 )
( SigmoidMax 1.000000 1.000000 1.000000 )
( SigmoidMin -0.148183 -0.280771 -0.727670 )
( SigmoidScale 0.000000 0.000000 0.000000 )

Time spent on saving the results, applying the final transform etc.: 62 ms.
Running elastix with parameter file 0: "/home/ybr19/Software/Registration/elastixReg/TransformationParameters/parameters_single_bspline.txt", has finished.


Current time: Wed Aug 25 09:47:08 2021.
Time used for running elastix with this parameter file:
  1m0.9s.

-------------------------------------------------------------------------

Total time elapsed: 1m0.9s.

